datetime,open,close,high,low,contract,avg
2025-01-02 09:00:00,6252.0,6288.0,6296.0,6244.0,SF9999.XZCE,6274.255378333332
2025-01-02 09:15:00,6290.0,6296.0,6314.0,6280.0,SF9999.XZCE,6293.596313333333
2025-01-02 09:30:00,6296.0,6282.0,6308.0,6282.0,SF9999.XZCE,6293.9182666666675
2025-01-02 09:45:00,6282.0,6296.0,6308.0,6282.0,SF9999.XZCE,6298.616326666666
2025-01-02 10:00:00,6296.0,6298.0,6304.0,6292.0,SF9999.XZCE,6298.237493333334
2025-01-02 10:15:00,6300.0,6296.0,6302.0,6296.0,SF9999.XZCE,6297.7612
2025-01-02 10:30:00,6296.0,6280.0,6300.0,6272.0,SF9999.XZCE,6285.367603333333
2025-01-02 10:45:00,6284.0,6296.0,6300.0,6284.0,SF9999.XZCE,6294.0171
2025-01-02 11:00:00,6298.0,6310.0,6314.0,6296.0,SF9999.XZCE,6306.669893333333
2025-01-02 11:15:00,6312.0,6306.0,6314.0,6302.0,SF9999.XZCE,6307.577666666667
2025-01-02 11:30:00,6308.0,6304.0,6310.0,6302.0,SF9999.XZCE,6307.1065
2025-01-02 13:30:00,6304.0,6302.0,6310.0,6294.0,SF9999.XZCE,6301.240873333333
2025-01-02 13:45:00,6300.0,6302.0,6304.0,6286.0,SF9999.XZCE,6295.42844
2025-01-02 14:00:00,6302.0,6304.0,6304.0,6294.0,SF9999.XZCE,6299.865286666667
2025-01-02 14:15:00,6304.0,6292.0,6304.0,6286.0,SF9999.XZCE,6292.804706666667
2025-01-02 14:30:00,6292.0,6288.0,6294.0,6286.0,SF9999.XZCE,6290.065740000001
2025-01-02 14:45:00,6288.0,6292.0,6308.0,6286.0,SF9999.XZCE,6296.4374800000005
2025-01-02 15:00:00,6290.0,6298.0,6300.0,6288.0,SF9999.XZCE,6292.643
2025-01-03 09:00:00,6292.0,6248.0,6300.0,6242.0,SF9999.XZCE,6268.799571666666
2025-01-03 09:15:00,6248.0,6202.0,6250.0,6198.0,SF9999.XZCE,6226.631493333334
2025-01-03 09:30:00,6200.0,6210.0,6210.0,6178.0,SF9999.XZCE,6197.617006666667
2025-01-03 09:45:00,6208.0,6208.0,6222.0,6208.0,SF9999.XZCE,6213.277886666667
2025-01-03 10:00:00,6208.0,6224.0,6226.0,6204.0,SF9999.XZCE,6213.820920000001
2025-01-03 10:15:00,6224.0,6228.0,6228.0,6224.0,SF9999.XZCE,6225.8628
2025-01-03 10:30:00,6228.0,6228.0,6266.0,6228.0,SF9999.XZCE,6247.574288333333
2025-01-03 10:45:00,6226.0,6230.0,6234.0,6220.0,SF9999.XZCE,6225.89626
2025-01-03 11:00:00,6232.0,6232.0,6234.0,6226.0,SF9999.XZCE,6229.902093333334
2025-01-03 11:15:00,6232.0,6234.0,6240.0,6226.0,SF9999.XZCE,6234.019179999999
2025-01-03 11:30:00,6234.0,6236.0,6236.0,6230.0,SF9999.XZCE,6233.2719
2025-01-03 13:30:00,6236.0,6242.0,6252.0,6230.0,SF9999.XZCE,6242.668796666666
2025-01-03 13:45:00,6242.0,6252.0,6252.0,6236.0,SF9999.XZCE,6244.438686666667
2025-01-03 14:00:00,6252.0,6250.0,6256.0,6242.0,SF9999.XZCE,6249.086406666666
2025-01-03 14:15:00,6250.0,6242.0,6256.0,6236.0,SF9999.XZCE,6247.0780933333335
2025-01-03 14:30:00,6244.0,6242.0,6246.0,6236.0,SF9999.XZCE,6241.334893333334
2025-01-03 14:45:00,6242.0,6228.0,6252.0,6228.0,SF9999.XZCE,6238.7061
2025-01-03 15:00:00,6228.0,6240.0,6240.0,6226.0,SF9999.XZCE,6229.3712
2025-01-06 09:00:00,6294.0,6316.0,6322.0,6286.0,SF9999.XZCE,6299.492754999999
2025-01-06 09:15:00,6314.0,6294.0,6324.0,6286.0,SF9999.XZCE,6303.939966666668
2025-01-06 09:30:00,6292.0,6302.0,6306.0,6292.0,SF9999.XZCE,6299.26598
2025-01-06 09:45:00,6302.0,6296.0,6308.0,6292.0,SF9999.XZCE,6299.746546666666
2025-01-06 10:00:00,6296.0,6304.0,6308.0,6290.0,SF9999.XZCE,6298.039893333334
2025-01-06 10:15:00,6302.0,6304.0,6306.0,6302.0,SF9999.XZCE,6303.8391
2025-01-06 10:30:00,6304.0,6286.0,6308.0,6286.0,SF9999.XZCE,6296.774855
2025-01-06 10:45:00,6288.0,6300.0,6302.0,6286.0,SF9999.XZCE,6294.623913333334
2025-01-06 11:00:00,6300.0,6330.0,6336.0,6296.0,SF9999.XZCE,6313.7548333333325
2025-01-06 11:15:00,6330.0,6322.0,6332.0,6314.0,SF9999.XZCE,6322.063886666667
2025-01-06 11:30:00,6322.0,6316.0,6322.0,6314.0,SF9999.XZCE,6317.6739
2025-01-06 13:30:00,6314.0,6324.0,6326.0,6312.0,SF9999.XZCE,6321.052093333333
2025-01-06 13:45:00,6322.0,6314.0,6324.0,6306.0,SF9999.XZCE,6313.1990399999995
2025-01-06 14:00:00,6316.0,6320.0,6326.0,6316.0,SF9999.XZCE,6320.708426666667
2025-01-06 14:15:00,6322.0,6320.0,6324.0,6314.0,SF9999.XZCE,6318.784813333333
2025-01-06 14:30:00,6320.0,6320.0,6322.0,6310.0,SF9999.XZCE,6317.178219999999
2025-01-06 14:45:00,6320.0,6316.0,6326.0,6314.0,SF9999.XZCE,6319.20018
2025-01-06 15:00:00,6314.0,6312.0,6316.0,6310.0,SF9999.XZCE,6311.5252
2025-01-07 09:00:00,6312.0,6276.0,6312.0,6260.0,SF9999.XZCE,6270.72754
2025-01-07 09:15:00,6274.0,6284.0,6294.0,6270.0,SF9999.XZCE,6282.2378266666665
2025-01-07 09:30:00,6282.0,6286.0,6296.0,6278.0,SF9999.XZCE,6287.236413333333
2025-01-07 09:45:00,6288.0,6278.0,6290.0,6278.0,SF9999.XZCE,6284.571513333333
2025-01-07 10:00:00,6278.0,6278.0,6288.0,6276.0,SF9999.XZCE,6282.222246666667
2025-01-07 10:15:00,6278.0,6282.0,6282.0,6278.0,SF9999.XZCE,6279.7
2025-01-07 10:30:00,6280.0,6282.0,6290.0,6280.0,SF9999.XZCE,6283.876565
2025-01-07 10:45:00,6280.0,6274.0,6282.0,6268.0,SF9999.XZCE,6274.421740000001
2025-01-07 11:00:00,6274.0,6270.0,6278.0,6264.0,SF9999.XZCE,6270.43688
2025-01-07 11:15:00,6270.0,6254.0,6270.0,6252.0,SF9999.XZCE,6261.45632
2025-01-07 11:30:00,6252.0,6254.0,6260.0,6252.0,SF9999.XZCE,6255.9323
2025-01-07 13:30:00,6256.0,6246.0,6256.0,6234.0,SF9999.XZCE,6243.276243333334
2025-01-07 13:45:00,6246.0,6224.0,6248.0,6222.0,SF9999.XZCE,6234.131486666666
2025-01-07 14:00:00,6222.0,6204.0,6224.0,6194.0,SF9999.XZCE,6204.979506666667
2025-01-07 14:15:00,6204.0,6216.0,6224.0,6192.0,SF9999.XZCE,6204.0151466666675
2025-01-07 14:30:00,6218.0,6222.0,6236.0,6218.0,SF9999.XZCE,6225.728493333333
2025-01-07 14:45:00,6224.0,6232.0,6232.0,6204.0,SF9999.XZCE,6215.375553333334
2025-01-07 15:00:00,6232.0,6216.0,6232.0,6214.0,SF9999.XZCE,6224.1014
2025-01-08 09:00:00,6216.0,6220.0,6246.0,6190.0,SF9999.XZCE,6225.823306666666
2025-01-08 09:15:00,6220.0,6242.0,6254.0,6216.0,SF9999.XZCE,6236.715913333333
2025-01-08 09:30:00,6244.0,6242.0,6264.0,6240.0,SF9999.XZCE,6251.425986666666
2025-01-08 09:45:00,6242.0,6240.0,6244.0,6234.0,SF9999.XZCE,6238.4396866666675
2025-01-08 10:00:00,6242.0,6232.0,6244.0,6228.0,SF9999.XZCE,6237.0096066666665
2025-01-08 10:15:00,6232.0,6236.0,6238.0,6232.0,SF9999.XZCE,6234.0642
2025-01-08 10:30:00,6238.0,6238.0,6242.0,6232.0,SF9999.XZCE,6237.338368333333
2025-01-08 10:45:00,6240.0,6248.0,6250.0,6236.0,SF9999.XZCE,6242.082053333334
2025-01-08 11:00:00,6248.0,6248.0,6250.0,6240.0,SF9999.XZCE,6245.091619999999
2025-01-08 11:15:00,6246.0,6238.0,6256.0,6238.0,SF9999.XZCE,6247.3824466666665
2025-01-08 11:30:00,6240.0,6234.0,6240.0,6232.0,SF9999.XZCE,6236.522
2025-01-08 13:30:00,6236.0,6236.0,6238.0,6222.0,SF9999.XZCE,6231.4446966666665
2025-01-08 13:45:00,6234.0,6240.0,6244.0,6232.0,SF9999.XZCE,6236.292513333334
2025-01-08 14:00:00,6238.0,6240.0,6248.0,6238.0,SF9999.XZCE,6241.769186666667
2025-01-08 14:15:00,6238.0,6240.0,6246.0,6234.0,SF9999.XZCE,6239.65398
2025-01-08 14:30:00,6240.0,6236.0,6242.0,6232.0,SF9999.XZCE,6236.742746666667
2025-01-08 14:45:00,6236.0,6242.0,6246.0,6232.0,SF9999.XZCE,6239.555360000001
2025-01-08 15:00:00,6244.0,6242.0,6246.0,6242.0,SF9999.XZCE,6242.8159
2025-01-09 09:00:00,6230.0,6242.0,6260.0,6230.0,SF9999.XZCE,6244.760581666666
2025-01-09 09:15:00,6244.0,6266.0,6272.0,6240.0,SF9999.XZCE,6252.634306666667
2025-01-09 09:30:00,6264.0,6304.0,6316.0,6262.0,SF9999.XZCE,6280.828406666667
2025-01-09 09:45:00,6302.0,6306.0,6344.0,6298.0,SF9999.XZCE,6313.622466666667
2025-01-09 10:00:00,6308.0,6314.0,6324.0,6304.0,SF9999.XZCE,6312.9182666666675
2025-01-09 10:15:00,6314.0,6314.0,6316.0,6312.0,SF9999.XZCE,6313.6933
2025-01-09 10:30:00,6312.0,6324.0,6324.0,6310.0,SF9999.XZCE,6315.708129999999
2025-01-09 10:45:00,6324.0,6330.0,6332.0,6318.0,SF9999.XZCE,6326.275866666667
2025-01-09 11:00:00,6330.0,6326.0,6348.0,6324.0,SF9999.XZCE,6333.7591600000005
2025-01-09 11:15:00,6326.0,6336.0,6338.0,6322.0,SF9999.XZCE,6329.3567066666665
2025-01-09 11:30:00,6334.0,6328.0,6336.0,6328.0,SF9999.XZCE,6331.5317
2025-01-09 13:30:00,6334.0,6336.0,6346.0,6332.0,SF9999.XZCE,6339.381633333333
2025-01-09 13:45:00,6336.0,6340.0,6346.0,6332.0,SF9999.XZCE,6337.67738
2025-01-09 14:00:00,6340.0,6340.0,6344.0,6330.0,SF9999.XZCE,6337.88878
2025-01-09 14:15:00,6342.0,6364.0,6372.0,6334.0,SF9999.XZCE,6351.727180000001
2025-01-09 14:30:00,6366.0,6350.0,6370.0,6346.0,SF9999.XZCE,6360.277386666666
2025-01-09 14:45:00,6348.0,6344.0,6360.0,6336.0,SF9999.XZCE,6349.41952
2025-01-09 15:00:00,6344.0,6346.0,6350.0,6342.0,SF9999.XZCE,6346.0058
2025-01-10 09:00:00,6348.0,6360.0,6362.0,6310.0,SF9999.XZCE,6343.032479999999
2025-01-10 09:15:00,6360.0,6352.0,6366.0,6348.0,SF9999.XZCE,6355.615753333333
2025-01-10 09:30:00,6352.0,6358.0,6364.0,6350.0,SF9999.XZCE,6355.559300000001
2025-01-10 09:45:00,6356.0,6370.0,6384.0,6354.0,SF9999.XZCE,6371.811420000001
2025-01-10 10:00:00,6370.0,6380.0,6384.0,6364.0,SF9999.XZCE,6373.394740000001
2025-01-10 10:15:00,6380.0,6380.0,6382.0,6378.0,SF9999.XZCE,6380.2214
2025-01-10 10:30:00,6382.0,6386.0,6392.0,6380.0,SF9999.XZCE,6385.448363333334
2025-01-10 10:45:00,6386.0,6384.0,6390.0,6382.0,SF9999.XZCE,6385.328873333333
2025-01-10 11:00:00,6386.0,6384.0,6392.0,6380.0,SF9999.XZCE,6387.083200000001
2025-01-10 11:15:00,6384.0,6388.0,6394.0,6380.0,SF9999.XZCE,6386.56204
2025-01-10 11:30:00,6388.0,6384.0,6390.0,6382.0,SF9999.XZCE,6386.9029
2025-01-10 13:30:00,6386.0,6374.0,6390.0,6356.0,SF9999.XZCE,6374.554655
2025-01-10 13:45:00,6374.0,6378.0,6390.0,6374.0,SF9999.XZCE,6383.58802
2025-01-10 14:00:00,6380.0,6384.0,6388.0,6374.0,SF9999.XZCE,6381.472706666666
2025-01-10 14:15:00,6386.0,6384.0,6388.0,6370.0,SF9999.XZCE,6379.683793333334
2025-01-10 14:30:00,6384.0,6384.0,6392.0,6370.0,SF9999.XZCE,6381.249886666667
2025-01-10 14:45:00,6384.0,6362.0,6396.0,6362.0,SF9999.XZCE,6383.677333333333
2025-01-10 15:00:00,6362.0,6378.0,6378.0,6362.0,SF9999.XZCE,6365.0752
2025-01-13 09:00:00,6380.0,6356.0,6380.0,6320.0,SF9999.XZCE,6346.2286349999995
2025-01-13 09:15:00,6354.0,6352.0,6358.0,6326.0,SF9999.XZCE,6344.72826
2025-01-13 09:30:00,6352.0,6364.0,6370.0,6350.0,SF9999.XZCE,6361.44062
2025-01-13 09:45:00,6362.0,6356.0,6370.0,6350.0,SF9999.XZCE,6362.731813333333
2025-01-13 10:00:00,6356.0,6356.0,6378.0,6354.0,SF9999.XZCE,6361.400140000001
2025-01-13 10:15:00,6356.0,6360.0,6362.0,6354.0,SF9999.XZCE,6357.6075
2025-01-13 10:30:00,6360.0,6362.0,6374.0,6356.0,SF9999.XZCE,6364.014418333333
2025-01-13 10:45:00,6362.0,6372.0,6376.0,6356.0,SF9999.XZCE,6365.370646666666
2025-01-13 11:00:00,6370.0,6372.0,6374.0,6356.0,SF9999.XZCE,6366.137886666666
2025-01-13 11:15:00,6372.0,6356.0,6376.0,6356.0,SF9999.XZCE,6363.370466666666
2025-01-13 11:30:00,6358.0,6354.0,6358.0,6352.0,SF9999.XZCE,6354.3406
2025-01-13 13:30:00,6354.0,6358.0,6368.0,6352.0,SF9999.XZCE,6361.278150000001
2025-01-13 13:45:00,6358.0,6358.0,6364.0,6354.0,SF9999.XZCE,6358.616133333334
2025-01-13 14:00:00,6356.0,6358.0,6362.0,6350.0,SF9999.XZCE,6356.83774
2025-01-13 14:15:00,6360.0,6358.0,6360.0,6342.0,SF9999.XZCE,6351.1668199999995
2025-01-13 14:30:00,6360.0,6354.0,6364.0,6344.0,SF9999.XZCE,6355.271473333334
2025-01-13 14:45:00,6354.0,6374.0,6374.0,6350.0,SF9999.XZCE,6356.419333333334
2025-01-13 15:00:00,6372.0,6368.0,6376.0,6364.0,SF9999.XZCE,6370.4503
2025-01-14 09:00:00,6368.0,6338.0,6370.0,6280.0,SF9999.XZCE,6326.15959
2025-01-14 09:15:00,6340.0,6370.0,6372.0,6338.0,SF9999.XZCE,6358.748640000001
2025-01-14 09:30:00,6370.0,6366.0,6378.0,6352.0,SF9999.XZCE,6366.2390000000005
2025-01-14 09:45:00,6366.0,6370.0,6376.0,6362.0,SF9999.XZCE,6368.024420000001
2025-01-14 10:00:00,6368.0,6370.0,6384.0,6368.0,SF9999.XZCE,6374.52722
2025-01-14 10:15:00,6368.0,6372.0,6374.0,6366.0,SF9999.XZCE,6370.1557
2025-01-14 10:30:00,6370.0,6378.0,6380.0,6362.0,SF9999.XZCE,6372.517736666666
2025-01-14 10:45:00,6378.0,6384.0,6390.0,6378.0,SF9999.XZCE,6383.333213333334
2025-01-14 11:00:00,6384.0,6386.0,6392.0,6382.0,SF9999.XZCE,6388.011373333334
2025-01-14 11:15:00,6386.0,6382.0,6398.0,6378.0,SF9999.XZCE,6386.067366666666
2025-01-14 11:30:00,6382.0,6392.0,6396.0,6382.0,SF9999.XZCE,6389.1413
2025-01-14 13:30:00,6394.0,6388.0,6406.0,6384.0,SF9999.XZCE,6392.425813333332
2025-01-14 13:45:00,6388.0,6418.0,6424.0,6388.0,SF9999.XZCE,6402.291826666667
2025-01-14 14:00:00,6416.0,6406.0,6426.0,6404.0,SF9999.XZCE,6417.533339999999
2025-01-14 14:15:00,6408.0,6408.0,6416.0,6404.0,SF9999.XZCE,6408.520933333333
2025-01-14 14:30:00,6408.0,6412.0,6412.0,6398.0,SF9999.XZCE,6406.637073333334
2025-01-14 14:45:00,6412.0,6394.0,6414.0,6388.0,SF9999.XZCE,6403.573420000001
2025-01-14 15:00:00,6392.0,6408.0,6408.0,6386.0,SF9999.XZCE,6394.2196
2025-01-15 09:00:00,6386.0,6400.0,6414.0,6380.0,SF9999.XZCE,6391.101728333334
2025-01-15 09:15:00,6400.0,6438.0,6442.0,6392.0,SF9999.XZCE,6412.816933333333
2025-01-15 09:30:00,6436.0,6428.0,6438.0,6426.0,SF9999.XZCE,6430.70814
2025-01-15 09:45:00,6430.0,6432.0,6442.0,6428.0,SF9999.XZCE,6434.641640000001
2025-01-15 10:00:00,6430.0,6462.0,6464.0,6428.0,SF9999.XZCE,6442.536673333333
2025-01-15 10:15:00,6462.0,6464.0,6464.0,6458.0,SF9999.XZCE,6461.3641
2025-01-15 10:30:00,6464.0,6460.0,6472.0,6452.0,SF9999.XZCE,6460.034411666667
2025-01-15 10:45:00,6458.0,6466.0,6468.0,6448.0,SF9999.XZCE,6460.05814
2025-01-15 11:00:00,6466.0,6470.0,6474.0,6462.0,SF9999.XZCE,6468.77564
2025-01-15 11:15:00,6470.0,6458.0,6480.0,6458.0,SF9999.XZCE,6470.630926666666
2025-01-15 11:30:00,6456.0,6456.0,6458.0,6450.0,SF9999.XZCE,6453.988
2025-01-15 13:30:00,6456.0,6480.0,6482.0,6446.0,SF9999.XZCE,6466.829698333334
2025-01-15 13:45:00,6480.0,6478.0,6490.0,6474.0,SF9999.XZCE,6482.7998333333335
2025-01-15 14:00:00,6478.0,6490.0,6490.0,6476.0,SF9999.XZCE,6483.4955199999995
2025-01-15 14:15:00,6490.0,6486.0,6494.0,6482.0,SF9999.XZCE,6488.772446666667
2025-01-15 14:30:00,6486.0,6486.0,6492.0,6478.0,SF9999.XZCE,6487.031186666667
2025-01-15 14:45:00,6490.0,6496.0,6498.0,6474.0,SF9999.XZCE,6487.594853333333
2025-01-15 15:00:00,6494.0,6496.0,6500.0,6492.0,SF9999.XZCE,6498.4495
2025-01-16 09:00:00,6516.0,6464.0,6548.0,6458.0,SF9999.XZCE,6495.3881949999995
2025-01-16 09:15:00,6464.0,6480.0,6498.0,6460.0,SF9999.XZCE,6479.234833333333
2025-01-16 09:30:00,6480.0,6474.0,6492.0,6472.0,SF9999.XZCE,6481.602053333333
2025-01-16 09:45:00,6476.0,6474.0,6480.0,6466.0,SF9999.XZCE,6473.300613333333
2025-01-16 10:00:00,6476.0,6464.0,6490.0,6462.0,SF9999.XZCE,6476.334606666666
2025-01-16 10:15:00,6462.0,6462.0,6466.0,6462.0,SF9999.XZCE,6463.4308
2025-01-16 10:30:00,6462.0,6476.0,6488.0,6460.0,SF9999.XZCE,6476.908896666667
2025-01-16 10:45:00,6476.0,6478.0,6492.0,6476.0,SF9999.XZCE,6482.68912
2025-01-16 11:00:00,6480.0,6490.0,6498.0,6468.0,SF9999.XZCE,6483.99218
2025-01-16 11:15:00,6488.0,6440.0,6498.0,6438.0,SF9999.XZCE,6477.252553333335
2025-01-16 11:30:00,6440.0,6442.0,6444.0,6430.0,SF9999.XZCE,6435.7221
2025-01-16 13:30:00,6438.0,6418.0,6438.0,6382.0,SF9999.XZCE,6409.1879616666665
2025-01-16 13:45:00,6416.0,6438.0,6438.0,6404.0,SF9999.XZCE,6420.895966666667
2025-01-16 14:00:00,6438.0,6450.0,6454.0,6432.0,SF9999.XZCE,6445.104533333334
2025-01-16 14:15:00,6450.0,6456.0,6464.0,6446.0,SF9999.XZCE,6453.433146666666
2025-01-16 14:30:00,6456.0,6468.0,6474.0,6454.0,SF9999.XZCE,6463.184013333333
2025-01-16 14:45:00,6468.0,6474.0,6484.0,6462.0,SF9999.XZCE,6471.879426666666
2025-01-16 15:00:00,6474.0,6480.0,6480.0,6466.0,SF9999.XZCE,6472.9819
2025-01-17 09:00:00,6486.0,6488.0,6524.0,6470.0,SF9999.XZCE,6490.605108333333
2025-01-17 09:15:00,6488.0,6482.0,6492.0,6474.0,SF9999.XZCE,6483.456546666667
2025-01-17 09:30:00,6482.0,6506.0,6508.0,6474.0,SF9999.XZCE,6491.796133333333
2025-01-17 09:45:00,6508.0,6502.0,6514.0,6494.0,SF9999.XZCE,6505.215933333333
2025-01-17 10:00:00,6502.0,6512.0,6516.0,6490.0,SF9999.XZCE,6505.336313333333
2025-01-17 10:15:00,6512.0,6516.0,6516.0,6512.0,SF9999.XZCE,6514.9406
2025-01-17 10:30:00,6516.0,6566.0,6574.0,6512.0,SF9999.XZCE,6535.347686666667
2025-01-17 10:45:00,6566.0,6538.0,6578.0,6528.0,SF9999.XZCE,6550.576126666667
2025-01-17 11:00:00,6538.0,6540.0,6568.0,6528.0,SF9999.XZCE,6554.64836
2025-01-17 11:15:00,6540.0,6522.0,6550.0,6520.0,SF9999.XZCE,6535.6913933333335
2025-01-17 11:30:00,6522.0,6518.0,6524.0,6512.0,SF9999.XZCE,6516.8511
2025-01-17 13:30:00,6514.0,6524.0,6538.0,6512.0,SF9999.XZCE,6526.151408333334
2025-01-17 13:45:00,6524.0,6496.0,6524.0,6494.0,SF9999.XZCE,6511.644246666667
2025-01-17 14:00:00,6496.0,6514.0,6518.0,6494.0,SF9999.XZCE,6509.0634
2025-01-17 14:15:00,6514.0,6510.0,6520.0,6506.0,SF9999.XZCE,6512.74986
2025-01-17 14:30:00,6512.0,6508.0,6514.0,6504.0,SF9999.XZCE,6509.040853333333
2025-01-17 14:45:00,6510.0,6508.0,6526.0,6506.0,SF9999.XZCE,6518.25566
2025-01-17 15:00:00,6510.0,6510.0,6518.0,6508.0,SF9999.XZCE,6514.3187
2025-01-20 09:00:00,6522.0,6514.0,6546.0,6480.0,SF9999.XZCE,6504.85084
2025-01-20 09:15:00,6516.0,6524.0,6528.0,6500.0,SF9999.XZCE,6513.636733333333
2025-01-20 09:30:00,6524.0,6504.0,6530.0,6492.0,SF9999.XZCE,6510.4535000000005
2025-01-20 09:45:00,6506.0,6472.0,6506.0,6468.0,SF9999.XZCE,6489.32666
2025-01-20 10:00:00,6472.0,6450.0,6474.0,6450.0,SF9999.XZCE,6462.16988
2025-01-20 10:15:00,6450.0,6452.0,6456.0,6450.0,SF9999.XZCE,6454.1536
2025-01-20 10:30:00,6452.0,6428.0,6462.0,6424.0,SF9999.XZCE,6444.687728333333
2025-01-20 10:45:00,6430.0,6432.0,6434.0,6414.0,SF9999.XZCE,6425.14492
2025-01-20 11:00:00,6432.0,6414.0,6434.0,6410.0,SF9999.XZCE,6418.296826666668
2025-01-20 11:15:00,6414.0,6404.0,6418.0,6392.0,SF9999.XZCE,6406.751706666667
2025-01-20 11:30:00,6404.0,6408.0,6412.0,6404.0,SF9999.XZCE,6406.9751
2025-01-20 13:30:00,6410.0,6398.0,6410.0,6386.0,SF9999.XZCE,6394.1849250000005
2025-01-20 13:45:00,6396.0,6396.0,6400.0,6388.0,SF9999.XZCE,6393.605146666666
2025-01-20 14:00:00,6396.0,6396.0,6402.0,6388.0,SF9999.XZCE,6393.863586666666
2025-01-20 14:15:00,6398.0,6388.0,6400.0,6384.0,SF9999.XZCE,6391.3891
2025-01-20 14:30:00,6388.0,6388.0,6400.0,6384.0,SF9999.XZCE,6391.030153333333
2025-01-20 14:45:00,6388.0,6396.0,6400.0,6386.0,SF9999.XZCE,6393.509940000001
2025-01-20 15:00:00,6398.0,6396.0,6402.0,6394.0,SF9999.XZCE,6397.692
2025-01-21 09:00:00,6412.0,6454.0,6466.0,6402.0,SF9999.XZCE,6435.603529999999
2025-01-21 09:15:00,6454.0,6468.0,6490.0,6454.0,SF9999.XZCE,6473.9096
2025-01-21 09:30:00,6470.0,6480.0,6480.0,6462.0,SF9999.XZCE,6470.113093333333
2025-01-21 09:45:00,6480.0,6468.0,6500.0,6466.0,SF9999.XZCE,6481.801533333334
2025-01-21 10:00:00,6466.0,6458.0,6468.0,6452.0,SF9999.XZCE,6460.098853333334
2025-01-21 10:15:00,6460.0,6452.0,6460.0,6452.0,SF9999.XZCE,6454.6957
2025-01-21 10:30:00,6454.0,6446.0,6458.0,6434.0,SF9999.XZCE,6447.198728333334
2025-01-21 10:45:00,6446.0,6460.0,6462.0,6446.0,SF9999.XZCE,6453.748533333334
2025-01-21 11:00:00,6458.0,6460.0,6464.0,6450.0,SF9999.XZCE,6458.08788
2025-01-21 11:15:00,6460.0,6452.0,6468.0,6446.0,SF9999.XZCE,6457.82132
2025-01-21 11:30:00,6452.0,6452.0,6454.0,6446.0,SF9999.XZCE,6450.8341
2025-01-21 13:30:00,6450.0,6454.0,6460.0,6446.0,SF9999.XZCE,6452.108915000001
2025-01-21 13:45:00,6454.0,6466.0,6468.0,6452.0,SF9999.XZCE,6461.1844200000005
2025-01-21 14:00:00,6466.0,6468.0,6478.0,6462.0,SF9999.XZCE,6467.9326666666675
2025-01-21 14:15:00,6466.0,6460.0,6468.0,6452.0,SF9999.XZCE,6461.606680000001
2025-01-21 14:30:00,6462.0,6466.0,6474.0,6458.0,SF9999.XZCE,6466.116166666667
2025-01-21 14:45:00,6466.0,6462.0,6468.0,6444.0,SF9999.XZCE,6454.691286666667
2025-01-21 15:00:00,6462.0,6462.0,6462.0,6454.0,SF9999.XZCE,6458.2164
2025-01-22 09:00:00,6436.0,6422.0,6438.0,6410.0,SF9999.XZCE,6422.056878333334
2025-01-22 09:15:00,6424.0,6392.0,6426.0,6390.0,SF9999.XZCE,6407.292226666667
2025-01-22 09:30:00,6392.0,6368.0,6396.0,6366.0,SF9999.XZCE,6384.505993333333
2025-01-22 09:45:00,6368.0,6368.0,6374.0,6360.0,SF9999.XZCE,6367.909026666667
2025-01-22 10:00:00,6368.0,6358.0,6370.0,6346.0,SF9999.XZCE,6355.2736
2025-01-22 10:15:00,6358.0,6360.0,6360.0,6354.0,SF9999.XZCE,6357.4291
2025-01-22 10:30:00,6360.0,6370.0,6374.0,6352.0,SF9999.XZCE,6360.1013883333335
2025-01-22 10:45:00,6370.0,6366.0,6376.0,6362.0,SF9999.XZCE,6368.818793333333
2025-01-22 11:00:00,6364.0,6376.0,6380.0,6364.0,SF9999.XZCE,6372.9899466666675
2025-01-22 11:15:00,6376.0,6384.0,6386.0,6368.0,SF9999.XZCE,6376.096846666667
2025-01-22 11:30:00,6386.0,6378.0,6390.0,6378.0,SF9999.XZCE,6385.6854
2025-01-22 13:30:00,6376.0,6384.0,6386.0,6368.0,SF9999.XZCE,6376.332458333333
2025-01-22 13:45:00,6382.0,6368.0,6384.0,6364.0,SF9999.XZCE,6374.961093333334
2025-01-22 14:00:00,6366.0,6366.0,6372.0,6360.0,SF9999.XZCE,6365.98958
2025-01-22 14:15:00,6364.0,6344.0,6366.0,6318.0,SF9999.XZCE,6341.307253333333
2025-01-22 14:30:00,6346.0,6342.0,6348.0,6334.0,SF9999.XZCE,6340.250126666666
2025-01-22 14:45:00,6342.0,6340.0,6346.0,6330.0,SF9999.XZCE,6337.97454
2025-01-22 15:00:00,6340.0,6338.0,6348.0,6338.0,SF9999.XZCE,6343.1804
2025-01-23 09:00:00,6338.0,6374.0,6406.0,6338.0,SF9999.XZCE,6385.4452083333335
2025-01-23 09:15:00,6372.0,6356.0,6378.0,6352.0,SF9999.XZCE,6362.693153333334
2025-01-23 09:30:00,6356.0,6366.0,6376.0,6354.0,SF9999.XZCE,6363.583273333334
2025-01-23 09:45:00,6366.0,6346.0,6368.0,6346.0,SF9999.XZCE,6359.521653333333
2025-01-23 10:00:00,6348.0,6348.0,6358.0,6344.0,SF9999.XZCE,6350.102046666667
2025-01-23 10:15:00,6348.0,6352.0,6352.0,6348.0,SF9999.XZCE,6349.7305
2025-01-23 10:30:00,6352.0,6338.0,6356.0,6338.0,SF9999.XZCE,6343.950206666667
2025-01-23 10:45:00,6338.0,6336.0,6348.0,6332.0,SF9999.XZCE,6341.776699999999
2025-01-23 11:00:00,6336.0,6320.0,6338.0,6312.0,SF9999.XZCE,6329.316006666667
2025-01-23 11:15:00,6318.0,6324.0,6326.0,6312.0,SF9999.XZCE,6318.33756
2025-01-23 11:30:00,6324.0,6324.0,6328.0,6322.0,SF9999.XZCE,6325.4483
2025-01-23 13:30:00,6328.0,6344.0,6356.0,6324.0,SF9999.XZCE,6344.753398333333
2025-01-23 13:45:00,6342.0,6350.0,6350.0,6340.0,SF9999.XZCE,6344.7149266666665
2025-01-23 14:00:00,6348.0,6346.0,6350.0,6338.0,SF9999.XZCE,6343.850013333334
2025-01-23 14:15:00,6344.0,6346.0,6352.0,6340.0,SF9999.XZCE,6346.487306666667
2025-01-23 14:30:00,6346.0,6352.0,6360.0,6344.0,SF9999.XZCE,6352.173320000001
2025-01-23 14:45:00,6352.0,6354.0,6360.0,6344.0,SF9999.XZCE,6350.59074
2025-01-23 15:00:00,6352.0,6342.0,6354.0,6340.0,SF9999.XZCE,6346.8439
2025-01-24 09:00:00,6370.0,6336.0,6376.0,6332.0,SF9999.XZCE,6353.420441666666
2025-01-24 09:15:00,6336.0,6332.0,6338.0,6324.0,SF9999.XZCE,6332.860973333333
2025-01-24 09:30:00,6332.0,6346.0,6348.0,6332.0,SF9999.XZCE,6340.7276533333325
2025-01-24 09:45:00,6346.0,6366.0,6368.0,6338.0,SF9999.XZCE,6350.971646666668
2025-01-24 10:00:00,6366.0,6350.0,6368.0,6336.0,SF9999.XZCE,6351.230613333333
2025-01-24 10:15:00,6350.0,6356.0,6358.0,6350.0,SF9999.XZCE,6355.0585
2025-01-24 10:30:00,6356.0,6368.0,6370.0,6354.0,SF9999.XZCE,6359.1984299999995
2025-01-24 10:45:00,6368.0,6348.0,6368.0,6346.0,SF9999.XZCE,6355.1880133333325
2025-01-24 11:00:00,6348.0,6358.0,6360.0,6342.0,SF9999.XZCE,6346.404106666666
2025-01-24 11:15:00,6358.0,6362.0,6366.0,6350.0,SF9999.XZCE,6359.7738
2025-01-24 11:30:00,6360.0,6354.0,6362.0,6352.0,SF9999.XZCE,6356.2988
2025-01-24 13:30:00,6354.0,6368.0,6378.0,6354.0,SF9999.XZCE,6367.200205
2025-01-24 13:45:00,6368.0,6388.0,6406.0,6358.0,SF9999.XZCE,6379.0145
2025-01-24 14:00:00,6388.0,6368.0,6388.0,6346.0,SF9999.XZCE,6364.316739999999
2025-01-24 14:15:00,6368.0,6380.0,6388.0,6366.0,SF9999.XZCE,6378.094679999999
2025-01-24 14:30:00,6382.0,6382.0,6384.0,6372.0,SF9999.XZCE,6378.4989
2025-01-24 14:45:00,6382.0,6356.0,6384.0,6354.0,SF9999.XZCE,6369.562946666666
2025-01-24 15:00:00,6358.0,6360.0,6360.0,6352.0,SF9999.XZCE,6353.3468
2025-01-27 09:00:00,6366.0,6438.0,6446.0,6362.0,SF9999.XZCE,6426.152093333333
2025-01-27 09:15:00,6438.0,6438.0,6462.0,6426.0,SF9999.XZCE,6443.332506666667
2025-01-27 09:30:00,6436.0,6436.0,6446.0,6424.0,SF9999.XZCE,6433.01386
2025-01-27 09:45:00,6436.0,6478.0,6482.0,6432.0,SF9999.XZCE,6459.1838333333335
2025-01-27 10:00:00,6478.0,6480.0,6494.0,6474.0,SF9999.XZCE,6482.705786666666
2025-01-27 10:15:00,6478.0,6472.0,6478.0,6470.0,SF9999.XZCE,6474.6814
2025-01-27 10:30:00,6470.0,6480.0,6494.0,6466.0,SF9999.XZCE,6482.060738333334
2025-01-27 10:45:00,6480.0,6502.0,6508.0,6480.0,SF9999.XZCE,6495.9254
2025-01-27 11:00:00,6502.0,6530.0,6538.0,6498.0,SF9999.XZCE,6518.220833333334
2025-01-27 11:15:00,6530.0,6490.0,6540.0,6484.0,SF9999.XZCE,6517.983613333334
2025-01-27 11:30:00,6492.0,6478.0,6492.0,6472.0,SF9999.XZCE,6479.4944
2025-01-27 13:30:00,6476.0,6464.0,6506.0,6458.0,SF9999.XZCE,6482.357593333334
2025-01-27 13:45:00,6466.0,6448.0,6472.0,6442.0,SF9999.XZCE,6457.416486666666
2025-01-27 14:00:00,6446.0,6472.0,6476.0,6438.0,SF9999.XZCE,6457.665626666666
2025-01-27 14:15:00,6472.0,6458.0,6480.0,6456.0,SF9999.XZCE,6466.6263733333335
2025-01-27 14:30:00,6456.0,6448.0,6460.0,6446.0,SF9999.XZCE,6452.185713333332
2025-01-27 14:45:00,6450.0,6450.0,6464.0,6442.0,SF9999.XZCE,6454.189993333333
2025-01-27 15:00:00,6446.0,6438.0,6450.0,6438.0,SF9999.XZCE,6446.5983
2025-02-05 09:00:00,6352.0,6382.0,6386.0,6322.0,SF9999.XZCE,6351.724008333334
2025-02-05 09:15:00,6380.0,6388.0,6392.0,6368.0,SF9999.XZCE,6379.225933333334
2025-02-05 09:30:00,6388.0,6390.0,6392.0,6366.0,SF9999.XZCE,6379.235633333334
2025-02-05 09:45:00,6388.0,6368.0,6392.0,6362.0,SF9999.XZCE,6382.189426666667
2025-02-05 10:00:00,6368.0,6350.0,6376.0,6346.0,SF9999.XZCE,6360.934813333333
2025-02-05 10:15:00,6348.0,6344.0,6350.0,6340.0,SF9999.XZCE,6344.3804
2025-02-05 10:30:00,6344.0,6302.0,6348.0,6296.0,SF9999.XZCE,6318.407340000001
2025-02-05 10:45:00,6304.0,6278.0,6308.0,6274.0,SF9999.XZCE,6291.8607600000005
2025-02-05 11:00:00,6280.0,6280.0,6282.0,6268.0,SF9999.XZCE,6274.724226666666
2025-02-05 11:15:00,6282.0,6290.0,6298.0,6272.0,SF9999.XZCE,6285.6815400000005
2025-02-05 11:30:00,6290.0,6294.0,6296.0,6290.0,SF9999.XZCE,6293.9867
2025-02-05 13:30:00,6292.0,6276.0,6294.0,6272.0,SF9999.XZCE,6280.661113333333
2025-02-05 13:45:00,6276.0,6256.0,6276.0,6252.0,SF9999.XZCE,6260.963213333333
2025-02-05 14:00:00,6256.0,6256.0,6262.0,6250.0,SF9999.XZCE,6254.9242
2025-02-05 14:15:00,6254.0,6258.0,6264.0,6242.0,SF9999.XZCE,6253.40276
2025-02-05 14:30:00,6256.0,6256.0,6262.0,6252.0,SF9999.XZCE,6256.123946666667
2025-02-05 14:45:00,6256.0,6254.0,6264.0,6246.0,SF9999.XZCE,6252.33262
2025-02-05 15:00:00,6256.0,6260.0,6262.0,6252.0,SF9999.XZCE,6258.9754
2025-02-06 09:00:00,6278.0,6256.0,6294.0,6252.0,SF9999.XZCE,6265.012054999999
2025-02-06 09:15:00,6256.0,6246.0,6260.0,6244.0,SF9999.XZCE,6252.300166666668
2025-02-06 09:30:00,6246.0,6248.0,6252.0,6240.0,SF9999.XZCE,6246.180453333333
2025-02-06 09:45:00,6246.0,6254.0,6260.0,6234.0,SF9999.XZCE,6243.969713333333
2025-02-06 10:00:00,6254.0,6272.0,6278.0,6248.0,SF9999.XZCE,6262.604606666668
2025-02-06 10:15:00,6272.0,6274.0,6276.0,6272.0,SF9999.XZCE,6274.1769
2025-02-06 10:30:00,6276.0,6288.0,6300.0,6270.0,SF9999.XZCE,6284.847706666667
2025-02-06 10:45:00,6288.0,6310.0,6310.0,6286.0,SF9999.XZCE,6298.775573333333
2025-02-06 11:00:00,6310.0,6314.0,6318.0,6300.0,SF9999.XZCE,6309.94322
2025-02-06 11:15:00,6314.0,6318.0,6318.0,6302.0,SF9999.XZCE,6310.096233333334
2025-02-06 11:30:00,6318.0,6320.0,6320.0,6316.0,SF9999.XZCE,6318.3146
2025-02-06 13:30:00,6320.0,6344.0,6360.0,6320.0,SF9999.XZCE,6342.2398416666665
2025-02-06 13:45:00,6346.0,6360.0,6362.0,6340.0,SF9999.XZCE,6350.703113333333
2025-02-06 14:00:00,6358.0,6370.0,6380.0,6358.0,SF9999.XZCE,6371.346833333334
2025-02-06 14:15:00,6374.0,6408.0,6436.0,6370.0,SF9999.XZCE,6405.951146666666
2025-02-06 14:30:00,6408.0,6420.0,6442.0,6406.0,SF9999.XZCE,6422.134246666667
2025-02-06 14:45:00,6422.0,6408.0,6430.0,6400.0,SF9999.XZCE,6419.342913333334
2025-02-06 15:00:00,6408.0,6404.0,6410.0,6400.0,SF9999.XZCE,6404.0219
2025-02-07 09:00:00,6398.0,6420.0,6422.0,6358.0,SF9999.XZCE,6397.393505
2025-02-07 09:15:00,6418.0,6448.0,6454.0,6414.0,SF9999.XZCE,6436.784806666667
2025-02-07 09:30:00,6446.0,6452.0,6458.0,6436.0,SF9999.XZCE,6445.461993333333
2025-02-07 09:45:00,6452.0,6454.0,6488.0,6452.0,SF9999.XZCE,6466.851106666666
2025-02-07 10:00:00,6454.0,6452.0,6456.0,6438.0,SF9999.XZCE,6450.365606666666
2025-02-07 10:15:00,6454.0,6454.0,6456.0,6452.0,SF9999.XZCE,6454.3986
2025-02-07 10:30:00,6452.0,6480.0,6482.0,6452.0,SF9999.XZCE,6470.433866666666
2025-02-07 10:45:00,6478.0,6518.0,6524.0,6474.0,SF9999.XZCE,6491.2694133333325
2025-02-07 11:00:00,6518.0,6580.0,6584.0,6510.0,SF9999.XZCE,6543.687760000001
2025-02-07 11:15:00,6580.0,6534.0,6594.0,6516.0,SF9999.XZCE,6550.612313333334
2025-02-07 11:30:00,6534.0,6526.0,6536.0,6526.0,SF9999.XZCE,6531.4004
2025-02-07 13:30:00,6530.0,6580.0,6584.0,6528.0,SF9999.XZCE,6553.994365
2025-02-07 13:45:00,6582.0,6542.0,6584.0,6538.0,SF9999.XZCE,6569.448086666667
2025-02-07 14:00:00,6540.0,6536.0,6552.0,6532.0,SF9999.XZCE,6543.578066666666
2025-02-07 14:15:00,6538.0,6540.0,6544.0,6524.0,SF9999.XZCE,6533.72752
2025-02-07 14:30:00,6540.0,6540.0,6556.0,6530.0,SF9999.XZCE,6546.484033333334
2025-02-07 14:45:00,6540.0,6514.0,6550.0,6510.0,SF9999.XZCE,6539.9703666666655
2025-02-07 15:00:00,6514.0,6520.0,6528.0,6512.0,SF9999.XZCE,6519.4649
2025-02-10 09:00:00,6534.0,6460.0,6536.0,6456.0,SF9999.XZCE,6477.45566
2025-02-10 09:15:00,6462.0,6476.0,6488.0,6454.0,SF9999.XZCE,6476.462206666667
2025-02-10 09:30:00,6478.0,6462.0,6484.0,6450.0,SF9999.XZCE,6469.998126666666
2025-02-10 09:45:00,6464.0,6446.0,6466.0,6442.0,SF9999.XZCE,6452.529366666667
2025-02-10 10:00:00,6446.0,6430.0,6458.0,6424.0,SF9999.XZCE,6442.1264133333325
2025-02-10 10:15:00,6430.0,6422.0,6430.0,6420.0,SF9999.XZCE,6423.4607
2025-02-10 10:30:00,6420.0,6440.0,6440.0,6418.0,SF9999.XZCE,6431.341755
2025-02-10 10:45:00,6438.0,6450.0,6450.0,6422.0,SF9999.XZCE,6434.339013333333
2025-02-10 11:00:00,6450.0,6450.0,6462.0,6442.0,SF9999.XZCE,6454.081613333333
2025-02-10 11:15:00,6450.0,6446.0,6458.0,6438.0,SF9999.XZCE,6445.945140000001
2025-02-10 11:30:00,6444.0,6428.0,6444.0,6426.0,SF9999.XZCE,6432.4003
2025-02-10 13:30:00,6428.0,6422.0,6434.0,6402.0,SF9999.XZCE,6417.913776666667
2025-02-10 13:45:00,6420.0,6418.0,6434.0,6414.0,SF9999.XZCE,6425.282099999999
2025-02-10 14:00:00,6420.0,6430.0,6440.0,6420.0,SF9999.XZCE,6428.938859999999
2025-02-10 14:15:00,6430.0,6440.0,6444.0,6428.0,SF9999.XZCE,6436.0717
2025-02-10 14:30:00,6438.0,6434.0,6446.0,6432.0,SF9999.XZCE,6439.725146666667
2025-02-10 14:45:00,6434.0,6436.0,6446.0,6424.0,SF9999.XZCE,6438.32132
2025-02-10 15:00:00,6436.0,6438.0,6440.0,6436.0,SF9999.XZCE,6438.6804
2025-02-11 09:00:00,6440.0,6420.0,6480.0,6412.0,SF9999.XZCE,6437.5403750000005
2025-02-11 09:15:00,6420.0,6386.0,6422.0,6370.0,SF9999.XZCE,6393.881406666667
2025-02-11 09:30:00,6386.0,6382.0,6400.0,6340.0,SF9999.XZCE,6383.63762
2025-02-11 09:45:00,6384.0,6352.0,6390.0,6318.0,SF9999.XZCE,6355.989146666667
2025-02-11 10:00:00,6352.0,6392.0,6416.0,6336.0,SF9999.XZCE,6384.084
2025-02-11 10:15:00,6392.0,6398.0,6398.0,6388.0,SF9999.XZCE,6392.4016
2025-02-11 10:30:00,6400.0,6392.0,6404.0,6376.0,SF9999.XZCE,6389.077201666667
2025-02-11 10:45:00,6392.0,6360.0,6402.0,6336.0,SF9999.XZCE,6376.70878
2025-02-11 11:00:00,6362.0,6310.0,6362.0,6310.0,SF9999.XZCE,6340.06922
2025-02-11 11:15:00,6310.0,6324.0,6330.0,6280.0,SF9999.XZCE,6305.674726666667
2025-02-11 11:30:00,6326.0,6336.0,6340.0,6326.0,SF9999.XZCE,6332.4312
2025-02-11 13:30:00,6334.0,6320.0,6344.0,6318.0,SF9999.XZCE,6330.647283333333
2025-02-11 13:45:00,6322.0,6320.0,6324.0,6296.0,SF9999.XZCE,6312.447386666667
2025-02-11 14:00:00,6320.0,6330.0,6332.0,6314.0,SF9999.XZCE,6322.294053333334
2025-02-11 14:15:00,6330.0,6330.0,6342.0,6320.0,SF9999.XZCE,6329.209686666666
2025-02-11 14:30:00,6330.0,6328.0,6338.0,6326.0,SF9999.XZCE,6332.448413333334
2025-02-11 14:45:00,6328.0,6332.0,6336.0,6322.0,SF9999.XZCE,6329.844473333334
2025-02-11 15:00:00,6332.0,6336.0,6336.0,6330.0,SF9999.XZCE,6333.0342
2025-02-12 09:00:00,6330.0,6364.0,6398.0,6312.0,SF9999.XZCE,6367.237676666667
2025-02-12 09:15:00,6362.0,6354.0,6370.0,6350.0,SF9999.XZCE,6358.53106
2025-02-12 09:30:00,6354.0,6352.0,6362.0,6348.0,SF9999.XZCE,6353.9601133333335
2025-02-12 09:45:00,6354.0,6370.0,6376.0,6344.0,SF9999.XZCE,6361.375553333332
2025-02-12 10:00:00,6370.0,6358.0,6378.0,6354.0,SF9999.XZCE,6367.605353333333
2025-02-12 10:15:00,6358.0,6362.0,6362.0,6356.0,SF9999.XZCE,6359.0373
2025-02-12 10:30:00,6362.0,6356.0,6370.0,6354.0,SF9999.XZCE,6362.290843333333
2025-02-12 10:45:00,6356.0,6360.0,6372.0,6356.0,SF9999.XZCE,6363.311793333333
2025-02-12 11:00:00,6360.0,6370.0,6372.0,6356.0,SF9999.XZCE,6364.318813333334
2025-02-12 11:15:00,6370.0,6350.0,6370.0,6350.0,SF9999.XZCE,6358.589526666667
2025-02-12 11:30:00,6352.0,6344.0,6352.0,6342.0,SF9999.XZCE,6345.7119
2025-02-12 13:30:00,6348.0,6336.0,6362.0,6332.0,SF9999.XZCE,6346.811366666666
2025-02-12 13:45:00,6336.0,6332.0,6348.0,6326.0,SF9999.XZCE,6334.679246666667
2025-02-12 14:00:00,6332.0,6340.0,6348.0,6328.0,SF9999.XZCE,6340.120626666667
2025-02-12 14:15:00,6340.0,6344.0,6350.0,6338.0,SF9999.XZCE,6344.322533333333
2025-02-12 14:30:00,6342.0,6352.0,6356.0,6336.0,SF9999.XZCE,6344.856786666666
2025-02-12 14:45:00,6352.0,6342.0,6354.0,6338.0,SF9999.XZCE,6345.966346666667
2025-02-12 15:00:00,6342.0,6342.0,6342.0,6336.0,SF9999.XZCE,6339.3422
2025-02-13 09:00:00,6342.0,6324.0,6350.0,6308.0,SF9999.XZCE,6327.095008333333
2025-02-13 09:15:00,6326.0,6332.0,6342.0,6320.0,SF9999.XZCE,6332.45292
2025-02-13 09:30:00,6332.0,6324.0,6350.0,6320.0,SF9999.XZCE,6335.16256
2025-02-13 09:45:00,6326.0,6332.0,6336.0,6320.0,SF9999.XZCE,6329.22346
2025-02-13 10:00:00,6334.0,6314.0,6342.0,6314.0,SF9999.XZCE,6331.390846666666
2025-02-13 10:15:00,6314.0,6310.0,6314.0,6308.0,SF9999.XZCE,6311.4427
2025-02-13 10:30:00,6310.0,6312.0,6316.0,6302.0,SF9999.XZCE,6309.410800000001
2025-02-13 10:45:00,6312.0,6304.0,6314.0,6296.0,SF9999.XZCE,6305.982953333333
2025-02-13 11:00:00,6304.0,6296.0,6312.0,6288.0,SF9999.XZCE,6297.365073333333
2025-02-13 11:15:00,6296.0,6298.0,6304.0,6292.0,SF9999.XZCE,6298.222653333333
2025-02-13 11:30:00,6296.0,6296.0,6300.0,6292.0,SF9999.XZCE,6295.1317
2025-02-13 13:30:00,6298.0,6292.0,6300.0,6288.0,SF9999.XZCE,6291.78574
2025-02-13 13:45:00,6290.0,6290.0,6296.0,6286.0,SF9999.XZCE,6291.19816
2025-02-13 14:00:00,6290.0,6292.0,6294.0,6284.0,SF9999.XZCE,6287.074326666666
2025-02-13 14:15:00,6294.0,6302.0,6304.0,6290.0,SF9999.XZCE,6297.063013333333
2025-02-13 14:30:00,6302.0,6288.0,6308.0,6288.0,SF9999.XZCE,6297.026746666667
2025-02-13 14:45:00,6290.0,6288.0,6294.0,6280.0,SF9999.XZCE,6284.901846666667
2025-02-13 15:00:00,6288.0,6282.0,6292.0,6282.0,SF9999.XZCE,6287.4863
2025-02-14 09:00:00,6282.0,6288.0,6300.0,6270.0,SF9999.XZCE,6288.548745
2025-02-14 09:15:00,6290.0,6290.0,6300.0,6278.0,SF9999.XZCE,6284.536073333333
2025-02-14 09:30:00,6290.0,6286.0,6302.0,6282.0,SF9999.XZCE,6292.218100000001
2025-02-14 09:45:00,6286.0,6284.0,6292.0,6278.0,SF9999.XZCE,6284.536319999999
2025-02-14 10:00:00,6284.0,6288.0,6294.0,6282.0,SF9999.XZCE,6287.96128
2025-02-14 10:15:00,6290.0,6290.0,6294.0,6290.0,SF9999.XZCE,6291.2596
2025-02-14 10:30:00,6292.0,6272.0,6292.0,6260.0,SF9999.XZCE,6271.686555
2025-02-14 10:45:00,6270.0,6264.0,6278.0,6258.0,SF9999.XZCE,6269.872780000001
2025-02-14 11:00:00,6266.0,6270.0,6272.0,6258.0,SF9999.XZCE,6266.58392
2025-02-14 11:15:00,6268.0,6276.0,6284.0,6266.0,SF9999.XZCE,6276.380886666667
2025-02-14 11:30:00,6276.0,6270.0,6276.0,6268.0,SF9999.XZCE,6271.5547
2025-02-14 13:30:00,6270.0,6262.0,6274.0,6260.0,SF9999.XZCE,6265.849916666667
2025-02-14 13:45:00,6262.0,6262.0,6270.0,6252.0,SF9999.XZCE,6262.525966666667
2025-02-14 14:00:00,6262.0,6270.0,6290.0,6258.0,SF9999.XZCE,6269.046193333333
2025-02-14 14:15:00,6270.0,6258.0,6274.0,6252.0,SF9999.XZCE,6261.027333333334
2025-02-14 14:30:00,6258.0,6260.0,6262.0,6252.0,SF9999.XZCE,6256.710346666667
2025-02-14 14:45:00,6260.0,6260.0,6266.0,6252.0,SF9999.XZCE,6259.472733333333
2025-02-14 15:00:00,6258.0,6258.0,6260.0,6254.0,SF9999.XZCE,6257.2464
2025-02-17 09:00:00,6258.0,6262.0,6276.0,6240.0,SF9999.XZCE,6260.961881666666
2025-02-17 09:15:00,6262.0,6268.0,6272.0,6262.0,SF9999.XZCE,6266.447313333334
2025-02-17 09:30:00,6268.0,6248.0,6272.0,6234.0,SF9999.XZCE,6258.3019933333335
2025-02-17 09:45:00,6250.0,6246.0,6262.0,6244.0,SF9999.XZCE,6251.926073333333
2025-02-17 10:00:00,6248.0,6226.0,6258.0,6218.0,SF9999.XZCE,6241.741973333334
2025-02-17 10:15:00,6226.0,6222.0,6230.0,6220.0,SF9999.XZCE,6224.1461
2025-02-17 10:30:00,6224.0,6228.0,6230.0,6212.0,SF9999.XZCE,6223.5576550000005
2025-02-17 10:45:00,6228.0,6220.0,6228.0,6216.0,SF9999.XZCE,6220.8821800000005
2025-02-17 11:00:00,6220.0,6228.0,6230.0,6210.0,SF9999.XZCE,6219.39418
2025-02-17 11:15:00,6226.0,6234.0,6238.0,6218.0,SF9999.XZCE,6226.392913333333
2025-02-17 11:30:00,6232.0,6244.0,6248.0,6232.0,SF9999.XZCE,6241.3535
2025-02-17 13:30:00,6244.0,6232.0,6246.0,6226.0,SF9999.XZCE,6235.994656666667
2025-02-17 13:45:00,6234.0,6234.0,6240.0,6230.0,SF9999.XZCE,6232.996393333334
2025-02-17 14:00:00,6234.0,6244.0,6252.0,6232.0,SF9999.XZCE,6241.322706666667
2025-02-17 14:15:00,6244.0,6252.0,6254.0,6238.0,SF9999.XZCE,6246.853713333333
2025-02-17 14:30:00,6250.0,6248.0,6256.0,6246.0,SF9999.XZCE,6251.071573333334
2025-02-17 14:45:00,6248.0,6248.0,6252.0,6242.0,SF9999.XZCE,6247.10326
2025-02-17 15:00:00,6250.0,6248.0,6254.0,6244.0,SF9999.XZCE,6250.3277
2025-02-18 09:00:00,6248.0,6234.0,6252.0,6228.0,SF9999.XZCE,6237.336093333334
2025-02-18 09:15:00,6234.0,6232.0,6240.0,6222.0,SF9999.XZCE,6229.889846666668
2025-02-18 09:30:00,6232.0,6228.0,6234.0,6220.0,SF9999.XZCE,6226.375373333333
2025-02-18 09:45:00,6226.0,6230.0,6234.0,6224.0,SF9999.XZCE,6228.442460000001
2025-02-18 10:00:00,6230.0,6232.0,6236.0,6226.0,SF9999.XZCE,6229.635626666666
2025-02-18 10:15:00,6234.0,6234.0,6240.0,6234.0,SF9999.XZCE,6236.1531
2025-02-18 10:30:00,6234.0,6242.0,6250.0,6226.0,SF9999.XZCE,6237.277870000001
2025-02-18 10:45:00,6242.0,6232.0,6252.0,6228.0,SF9999.XZCE,6239.257519999999
2025-02-18 11:00:00,6232.0,6246.0,6256.0,6228.0,SF9999.XZCE,6243.929586666666
2025-02-18 11:15:00,6246.0,6246.0,6260.0,6240.0,SF9999.XZCE,6248.340020000001
2025-02-18 11:30:00,6246.0,6254.0,6254.0,6246.0,SF9999.XZCE,6250.1707
2025-02-18 13:30:00,6254.0,6246.0,6264.0,6246.0,SF9999.XZCE,6252.8819183333335
2025-02-18 13:45:00,6248.0,6246.0,6254.0,6244.0,SF9999.XZCE,6249.014946666667
2025-02-18 14:00:00,6246.0,6246.0,6250.0,6236.0,SF9999.XZCE,6244.099853333333
2025-02-18 14:15:00,6246.0,6240.0,6250.0,6236.0,SF9999.XZCE,6241.778046666666
2025-02-18 14:30:00,6240.0,6244.0,6250.0,6240.0,SF9999.XZCE,6245.071466666667
2025-02-18 14:45:00,6242.0,6238.0,6246.0,6236.0,SF9999.XZCE,6240.664906666668
2025-02-18 15:00:00,6238.0,6238.0,6240.0,6236.0,SF9999.XZCE,6238.6848
2025-02-19 09:00:00,6252.0,6240.0,6254.0,6232.0,SF9999.XZCE,6240.80602
2025-02-19 09:15:00,6238.0,6240.0,6250.0,6236.0,SF9999.XZCE,6241.973646666666
2025-02-19 09:30:00,6242.0,6254.0,6260.0,6242.0,SF9999.XZCE,6251.622246666666
2025-02-19 09:45:00,6256.0,6250.0,6258.0,6246.0,SF9999.XZCE,6251.607093333333
2025-02-19 10:00:00,6248.0,6244.0,6250.0,6242.0,SF9999.XZCE,6245.429813333333
2025-02-19 10:15:00,6242.0,6244.0,6244.0,6240.0,SF9999.XZCE,6241.8979
2025-02-19 10:30:00,6244.0,6246.0,6252.0,6240.0,SF9999.XZCE,6244.993173333333
2025-02-19 10:45:00,6248.0,6254.0,6258.0,6234.0,SF9999.XZCE,6245.461346666667
2025-02-19 11:00:00,6256.0,6252.0,6262.0,6250.0,SF9999.XZCE,6253.859220000001
2025-02-19 11:15:00,6250.0,6244.0,6254.0,6244.0,SF9999.XZCE,6249.776686666667
2025-02-19 11:30:00,6244.0,6242.0,6246.0,6240.0,SF9999.XZCE,6243.3231
2025-02-19 13:30:00,6242.0,6242.0,6252.0,6238.0,SF9999.XZCE,6244.796698333333
2025-02-19 13:45:00,6240.0,6238.0,6242.0,6234.0,SF9999.XZCE,6238.303766666667
2025-02-19 14:00:00,6240.0,6236.0,6246.0,6234.0,SF9999.XZCE,6240.045866666666
2025-02-19 14:15:00,6238.0,6240.0,6242.0,6236.0,SF9999.XZCE,6239.265033333333
2025-02-19 14:30:00,6240.0,6240.0,6244.0,6234.0,SF9999.XZCE,6239.242253333333
2025-02-19 14:45:00,6240.0,6226.0,6240.0,6224.0,SF9999.XZCE,6232.114033333332
2025-02-19 15:00:00,6226.0,6226.0,6226.0,6220.0,SF9999.XZCE,6223.2977
2025-02-20 09:00:00,6226.0,6238.0,6246.0,6222.0,SF9999.XZCE,6239.461101666667
2025-02-20 09:15:00,6238.0,6228.0,6240.0,6226.0,SF9999.XZCE,6233.0411466666665
2025-02-20 09:30:00,6228.0,6230.0,6240.0,6224.0,SF9999.XZCE,6231.091706666666
2025-02-20 09:45:00,6232.0,6236.0,6240.0,6228.0,SF9999.XZCE,6234.561246666667
2025-02-20 10:00:00,6236.0,6228.0,6238.0,6226.0,SF9999.XZCE,6231.583466666667
2025-02-20 10:15:00,6228.0,6228.0,6232.0,6228.0,SF9999.XZCE,6229.2323
2025-02-20 10:30:00,6230.0,6230.0,6234.0,6226.0,SF9999.XZCE,6230.427954999999
2025-02-20 10:45:00,6228.0,6230.0,6236.0,6224.0,SF9999.XZCE,6231.074453333334
2025-02-20 11:00:00,6232.0,6228.0,6234.0,6216.0,SF9999.XZCE,6225.96476
2025-02-20 11:15:00,6228.0,6226.0,6236.0,6224.0,SF9999.XZCE,6229.828400000001
2025-02-20 11:30:00,6226.0,6232.0,6234.0,6226.0,SF9999.XZCE,6230.7385
2025-02-20 13:30:00,6234.0,6240.0,6244.0,6232.0,SF9999.XZCE,6237.699808333334
2025-02-20 13:45:00,6238.0,6252.0,6254.0,6236.0,SF9999.XZCE,6247.67874
2025-02-20 14:00:00,6252.0,6242.0,6254.0,6242.0,SF9999.XZCE,6248.006486666666
2025-02-20 14:15:00,6244.0,6250.0,6254.0,6242.0,SF9999.XZCE,6247.297879999999
2025-02-20 14:30:00,6250.0,6250.0,6254.0,6246.0,SF9999.XZCE,6249.780866666667
2025-02-20 14:45:00,6248.0,6244.0,6252.0,6240.0,SF9999.XZCE,6246.79014
2025-02-20 15:00:00,6244.0,6238.0,6244.0,6238.0,SF9999.XZCE,6241.8504
2025-02-21 09:00:00,6252.0,6248.0,6272.0,6240.0,SF9999.XZCE,6253.817498333334
2025-02-21 09:15:00,6250.0,6246.0,6254.0,6242.0,SF9999.XZCE,6247.856060000001
2025-02-21 09:30:00,6246.0,6242.0,6248.0,6240.0,SF9999.XZCE,6244.813653333334
2025-02-21 09:45:00,6242.0,6254.0,6262.0,6240.0,SF9999.XZCE,6253.130806666667
2025-02-21 10:00:00,6252.0,6244.0,6252.0,6240.0,SF9999.XZCE,6244.1591
2025-02-21 10:15:00,6246.0,6246.0,6246.0,6244.0,SF9999.XZCE,6244.972
2025-02-21 10:30:00,6244.0,6254.0,6258.0,6244.0,SF9999.XZCE,6251.689156666667
2025-02-21 10:45:00,6252.0,6248.0,6256.0,6246.0,SF9999.XZCE,6250.66532
2025-02-21 11:00:00,6248.0,6242.0,6248.0,6238.0,SF9999.XZCE,6243.094753333334
2025-02-21 11:15:00,6244.0,6244.0,6248.0,6240.0,SF9999.XZCE,6243.374106666667
2025-02-21 11:30:00,6244.0,6238.0,6246.0,6238.0,SF9999.XZCE,6239.6035
2025-02-21 13:30:00,6238.0,6234.0,6242.0,6230.0,SF9999.XZCE,6235.098010000001
2025-02-21 13:45:00,6234.0,6224.0,6234.0,6214.0,SF9999.XZCE,6226.67776
2025-02-21 14:00:00,6224.0,6224.0,6224.0,6214.0,SF9999.XZCE,6220.99684
2025-02-21 14:15:00,6224.0,6222.0,6228.0,6216.0,SF9999.XZCE,6221.020273333333
2025-02-21 14:30:00,6222.0,6216.0,6226.0,6208.0,SF9999.XZCE,6219.545613333333
2025-02-21 14:45:00,6218.0,6210.0,6220.0,6202.0,SF9999.XZCE,6211.7303133333335
2025-02-21 15:00:00,6210.0,6212.0,6214.0,6210.0,SF9999.XZCE,6211.0231
2025-02-24 09:00:00,6202.0,6198.0,6214.0,6172.0,SF9999.XZCE,6202.566635
2025-02-24 09:15:00,6198.0,6200.0,6208.0,6196.0,SF9999.XZCE,6201.6669
2025-02-24 09:30:00,6202.0,6202.0,6206.0,6198.0,SF9999.XZCE,6202.21026
2025-02-24 09:45:00,6202.0,6214.0,6222.0,6202.0,SF9999.XZCE,6213.036899999999
2025-02-24 10:00:00,6214.0,6226.0,6228.0,6214.0,SF9999.XZCE,6221.939160000001
2025-02-24 10:15:00,6228.0,6228.0,6230.0,6224.0,SF9999.XZCE,6228.6785
2025-02-24 10:30:00,6230.0,6224.0,6236.0,6218.0,SF9999.XZCE,6225.124055
2025-02-24 10:45:00,6222.0,6224.0,6228.0,6220.0,SF9999.XZCE,6222.905406666666
2025-02-24 11:00:00,6224.0,6218.0,6224.0,6216.0,SF9999.XZCE,6219.357220000001
2025-02-24 11:15:00,6218.0,6224.0,6224.0,6216.0,SF9999.XZCE,6219.730893333333
2025-02-24 11:30:00,6224.0,6224.0,6230.0,6224.0,SF9999.XZCE,6226.1636
2025-02-24 13:30:00,6226.0,6224.0,6232.0,6218.0,SF9999.XZCE,6223.595365
2025-02-24 13:45:00,6224.0,6218.0,6230.0,6212.0,SF9999.XZCE,6220.758773333334
2025-02-24 14:00:00,6218.0,6218.0,6222.0,6210.0,SF9999.XZCE,6216.459460000001
2025-02-24 14:15:00,6218.0,6220.0,6224.0,6218.0,SF9999.XZCE,6220.757519999999
2025-02-24 14:30:00,6220.0,6222.0,6224.0,6218.0,SF9999.XZCE,6220.992426666667
2025-02-24 14:45:00,6222.0,6214.0,6222.0,6212.0,SF9999.XZCE,6217.944060000001
2025-02-24 15:00:00,6214.0,6212.0,6214.0,6210.0,SF9999.XZCE,6212.4734
2025-02-25 09:00:00,6204.0,6198.0,6204.0,6182.0,SF9999.XZCE,6193.3509933333335
2025-02-25 09:15:00,6200.0,6184.0,6202.0,6180.0,SF9999.XZCE,6190.1064799999995
2025-02-25 09:30:00,6182.0,6182.0,6188.0,6176.0,SF9999.XZCE,6181.567153333333
2025-02-25 09:45:00,6180.0,6186.0,6190.0,6180.0,SF9999.XZCE,6184.841926666667
2025-02-25 10:00:00,6186.0,6176.0,6188.0,6176.0,SF9999.XZCE,6180.72234
2025-02-25 10:15:00,6176.0,6176.0,6178.0,6174.0,SF9999.XZCE,6175.6887
2025-02-25 10:30:00,6176.0,6186.0,6194.0,6172.0,SF9999.XZCE,6183.761816666666
2025-02-25 10:45:00,6186.0,6184.0,6188.0,6178.0,SF9999.XZCE,6181.489633333334
2025-02-25 11:00:00,6186.0,6190.0,6200.0,6182.0,SF9999.XZCE,6192.929639999999
2025-02-25 11:15:00,6188.0,6190.0,6200.0,6186.0,SF9999.XZCE,6192.238373333334
2025-02-25 11:30:00,6190.0,6188.0,6190.0,6184.0,SF9999.XZCE,6187.4286
2025-02-25 13:30:00,6186.0,6178.0,6190.0,6178.0,SF9999.XZCE,6182.531858333333
2025-02-25 13:45:00,6178.0,6176.0,6180.0,6172.0,SF9999.XZCE,6176.340446666666
2025-02-25 14:00:00,6176.0,6178.0,6180.0,6174.0,SF9999.XZCE,6177.25634
2025-02-25 14:15:00,6178.0,6178.0,6184.0,6176.0,SF9999.XZCE,6179.4889066666665
2025-02-25 14:30:00,6180.0,6178.0,6182.0,6174.0,SF9999.XZCE,6178.24768
2025-02-25 14:45:00,6176.0,6182.0,6184.0,6172.0,SF9999.XZCE,6176.67296
2025-02-25 15:00:00,6182.0,6182.0,6182.0,6176.0,SF9999.XZCE,6181.4359
2025-02-26 09:00:00,6180.0,6192.0,6208.0,6160.0,SF9999.XZCE,6193.565803333334
2025-02-26 09:15:00,6194.0,6190.0,6196.0,6186.0,SF9999.XZCE,6190.480846666666
2025-02-26 09:30:00,6190.0,6206.0,6212.0,6186.0,SF9999.XZCE,6197.561326666667
2025-02-26 09:45:00,6206.0,6180.0,6210.0,6180.0,SF9999.XZCE,6200.11612
2025-02-26 10:00:00,6182.0,6172.0,6188.0,6168.0,SF9999.XZCE,6179.437573333334
2025-02-26 10:15:00,6170.0,6168.0,6172.0,6164.0,SF9999.XZCE,6165.9788
2025-02-26 10:30:00,6168.0,6184.0,6192.0,6168.0,SF9999.XZCE,6181.176228333334
2025-02-26 10:45:00,6184.0,6190.0,6194.0,6178.0,SF9999.XZCE,6184.792886666667
2025-02-26 11:00:00,6190.0,6184.0,6198.0,6184.0,SF9999.XZCE,6191.85806
2025-02-26 11:15:00,6184.0,6184.0,6190.0,6174.0,SF9999.XZCE,6180.158240000001
2025-02-26 11:30:00,6182.0,6182.0,6188.0,6182.0,SF9999.XZCE,6185.3358
2025-02-26 13:30:00,6184.0,6186.0,6188.0,6178.0,SF9999.XZCE,6183.026036666666
2025-02-26 13:45:00,6186.0,6180.0,6186.0,6178.0,SF9999.XZCE,6181.626346666667
2025-02-26 14:00:00,6180.0,6178.0,6184.0,6176.0,SF9999.XZCE,6178.737073333334
2025-02-26 14:15:00,6178.0,6182.0,6184.0,6176.0,SF9999.XZCE,6180.25706
2025-02-26 14:30:00,6180.0,6184.0,6190.0,6180.0,SF9999.XZCE,6183.244393333333
2025-02-26 14:45:00,6186.0,6184.0,6192.0,6182.0,SF9999.XZCE,6185.886333333333
2025-02-26 15:00:00,6182.0,6178.0,6184.0,6178.0,SF9999.XZCE,6180.1524
2025-02-27 09:00:00,6160.0,6176.0,6182.0,6160.0,SF9999.XZCE,6174.34216
2025-02-27 09:15:00,6174.0,6170.0,6182.0,6170.0,SF9999.XZCE,6175.532846666666
2025-02-27 09:30:00,6170.0,6166.0,6180.0,6158.0,SF9999.XZCE,6172.393639999999
2025-02-27 09:45:00,6166.0,6162.0,6168.0,6158.0,SF9999.XZCE,6161.891233333333
2025-02-27 10:00:00,6164.0,6162.0,6168.0,6156.0,SF9999.XZCE,6161.523453333332
2025-02-27 10:15:00,6162.0,6160.0,6164.0,6160.0,SF9999.XZCE,6162.1961
2025-02-27 10:30:00,6162.0,6158.0,6168.0,6152.0,SF9999.XZCE,6160.410965
2025-02-27 10:45:00,6160.0,6160.0,6164.0,6156.0,SF9999.XZCE,6159.609526666667
2025-02-27 11:00:00,6162.0,6160.0,6164.0,6152.0,SF9999.XZCE,6157.528153333333
2025-02-27 11:15:00,6160.0,6170.0,6174.0,6158.0,SF9999.XZCE,6163.636106666668
2025-02-27 11:30:00,6172.0,6174.0,6174.0,6170.0,SF9999.XZCE,6172.3805
2025-02-27 13:30:00,6172.0,6166.0,6176.0,6162.0,SF9999.XZCE,6166.860433333332
2025-02-27 13:45:00,6166.0,6172.0,6176.0,6164.0,SF9999.XZCE,6171.187093333334
2025-02-27 14:00:00,6172.0,6180.0,6184.0,6170.0,SF9999.XZCE,6175.405433333333
2025-02-27 14:15:00,6180.0,6178.0,6190.0,6178.0,SF9999.XZCE,6181.556486666667
2025-02-27 14:30:00,6180.0,6180.0,6182.0,6172.0,SF9999.XZCE,6178.313253333334
2025-02-27 14:45:00,6178.0,6176.0,6180.0,6172.0,SF9999.XZCE,6176.835846666666
2025-02-27 15:00:00,6176.0,6174.0,6178.0,6172.0,SF9999.XZCE,6175.0491
2025-02-28 09:00:00,6160.0,6156.0,6172.0,6138.0,SF9999.XZCE,6157.926508333333
2025-02-28 09:15:00,6156.0,6154.0,6164.0,6150.0,SF9999.XZCE,6157.8261999999995
2025-02-28 09:30:00,6152.0,6154.0,6164.0,6146.0,SF9999.XZCE,6158.152113333334
2025-02-28 09:45:00,6150.0,6156.0,6170.0,6150.0,SF9999.XZCE,6159.410146666666
2025-02-28 10:00:00,6156.0,6150.0,6156.0,6146.0,SF9999.XZCE,6150.50808
2025-02-28 10:15:00,6150.0,6148.0,6152.0,6148.0,SF9999.XZCE,6149.641
2025-02-28 10:30:00,6150.0,6146.0,6152.0,6144.0,SF9999.XZCE,6147.349273333333
2025-02-28 10:45:00,6146.0,6148.0,6150.0,6142.0,SF9999.XZCE,6146.203926666666
2025-02-28 11:00:00,6148.0,6154.0,6154.0,6146.0,SF9999.XZCE,6150.253766666666
2025-02-28 11:15:00,6154.0,6152.0,6156.0,6148.0,SF9999.XZCE,6151.970086666667
2025-02-28 11:30:00,6152.0,6144.0,6152.0,6142.0,SF9999.XZCE,6145.2904
2025-02-28 13:30:00,6142.0,6154.0,6158.0,6138.0,SF9999.XZCE,6146.792496666666
2025-02-28 13:45:00,6154.0,6152.0,6156.0,6144.0,SF9999.XZCE,6151.099513333334
2025-02-28 14:00:00,6150.0,6138.0,6154.0,6134.0,SF9999.XZCE,6143.108006666666
2025-02-28 14:15:00,6138.0,6140.0,6144.0,6134.0,SF9999.XZCE,6138.2365666666665
2025-02-28 14:30:00,6140.0,6136.0,6146.0,6132.0,SF9999.XZCE,6139.592853333333
2025-02-28 14:45:00,6138.0,6142.0,6148.0,6136.0,SF9999.XZCE,6142.200006666666
2025-02-28 15:00:00,6144.0,6138.0,6146.0,6138.0,SF9999.XZCE,6141.184
2025-03-03 09:00:00,6144.0,6164.0,6176.0,6144.0,SF9999.XZCE,6164.887231666667
2025-03-03 09:15:00,6166.0,6164.0,6170.0,6156.0,SF9999.XZCE,6162.712833333334
2025-03-03 09:30:00,6164.0,6158.0,6168.0,6154.0,SF9999.XZCE,6161.857773333333
2025-03-03 09:45:00,6158.0,6160.0,6168.0,6156.0,SF9999.XZCE,6162.82646
2025-03-03 10:00:00,6160.0,6158.0,6164.0,6156.0,SF9999.XZCE,6160.023366666667
2025-03-03 10:15:00,6158.0,6156.0,6160.0,6156.0,SF9999.XZCE,6157.7585
2025-03-03 10:30:00,6158.0,6158.0,6166.0,6156.0,SF9999.XZCE,6159.977288333334
2025-03-03 10:45:00,6158.0,6162.0,6166.0,6156.0,SF9999.XZCE,6159.94426
2025-03-03 11:00:00,6160.0,6152.0,6162.0,6148.0,SF9999.XZCE,6153.63864
2025-03-03 11:15:00,6154.0,6148.0,6160.0,6148.0,SF9999.XZCE,6152.532800000001
2025-03-03 11:30:00,6150.0,6156.0,6158.0,6150.0,SF9999.XZCE,6153.7155
2025-03-03 13:30:00,6150.0,6154.0,6160.0,6148.0,SF9999.XZCE,6153.198835
2025-03-03 13:45:00,6152.0,6156.0,6156.0,6148.0,SF9999.XZCE,6151.908539999999
2025-03-03 14:00:00,6156.0,6146.0,6158.0,6136.0,SF9999.XZCE,6147.047979999999
2025-03-03 14:15:00,6146.0,6142.0,6148.0,6142.0,SF9999.XZCE,6144.8900533333335
2025-03-03 14:30:00,6144.0,6148.0,6150.0,6138.0,SF9999.XZCE,6144.35532
2025-03-03 14:45:00,6150.0,6142.0,6150.0,6140.0,SF9999.XZCE,6145.7691933333335
2025-03-03 15:00:00,6142.0,6138.0,6142.0,6138.0,SF9999.XZCE,6140.6525
2025-03-04 09:00:00,6142.0,6120.0,6142.0,6098.0,SF9999.XZCE,6118.890648333334
2025-03-04 09:15:00,6118.0,6112.0,6124.0,6110.0,SF9999.XZCE,6117.114286666667
2025-03-04 09:30:00,6112.0,6104.0,6112.0,6102.0,SF9999.XZCE,6106.296226666666
2025-03-04 09:45:00,6106.0,6100.0,6110.0,6100.0,SF9999.XZCE,6104.25134
2025-03-04 10:00:00,6102.0,6112.0,6114.0,6100.0,SF9999.XZCE,6104.136406666667
2025-03-04 10:15:00,6112.0,6116.0,6116.0,6112.0,SF9999.XZCE,6114.4606
2025-03-04 10:30:00,6114.0,6106.0,6114.0,6104.0,SF9999.XZCE,6108.084954999999
2025-03-04 10:45:00,6106.0,6110.0,6118.0,6104.0,SF9999.XZCE,6110.116186666666
2025-03-04 11:00:00,6110.0,6114.0,6118.0,6110.0,SF9999.XZCE,6113.656046666667
2025-03-04 11:15:00,6112.0,6114.0,6118.0,6108.0,SF9999.XZCE,6113.251826666667
2025-03-04 11:30:00,6114.0,6114.0,6114.0,6112.0,SF9999.XZCE,6112.605
2025-03-04 13:30:00,6114.0,6110.0,6120.0,6110.0,SF9999.XZCE,6113.951903333334
2025-03-04 13:45:00,6112.0,6106.0,6112.0,6100.0,SF9999.XZCE,6104.72394
2025-03-04 14:00:00,6106.0,6108.0,6114.0,6104.0,SF9999.XZCE,6109.188893333333
2025-03-04 14:15:00,6108.0,6110.0,6118.0,6106.0,SF9999.XZCE,6111.665046666666
2025-03-04 14:30:00,6110.0,6108.0,6112.0,6106.0,SF9999.XZCE,6109.381079999999
2025-03-04 14:45:00,6108.0,6108.0,6110.0,6102.0,SF9999.XZCE,6106.4627
2025-03-04 15:00:00,6106.0,6108.0,6108.0,6104.0,SF9999.XZCE,6106.8071
2025-03-05 09:00:00,6090.0,6096.0,6106.0,6078.0,SF9999.XZCE,6096.222723333332
2025-03-05 09:15:00,6096.0,6084.0,6096.0,6080.0,SF9999.XZCE,6086.91148
2025-03-05 09:30:00,6082.0,6080.0,6092.0,6078.0,SF9999.XZCE,6084.59518
2025-03-05 09:45:00,6080.0,6084.0,6086.0,6078.0,SF9999.XZCE,6082.1139
2025-03-05 10:00:00,6082.0,6094.0,6096.0,6078.0,SF9999.XZCE,6082.7985266666665
2025-03-05 10:15:00,6094.0,6100.0,6100.0,6092.0,SF9999.XZCE,6096.6509
2025-03-05 10:30:00,6098.0,6090.0,6110.0,6086.0,SF9999.XZCE,6095.289228333332
2025-03-05 10:45:00,6088.0,6080.0,6088.0,6078.0,SF9999.XZCE,6081.860479999999
2025-03-05 11:00:00,6080.0,6092.0,6092.0,6080.0,SF9999.XZCE,6086.603433333334
2025-03-05 11:15:00,6090.0,6088.0,6094.0,6080.0,SF9999.XZCE,6085.3616
2025-03-05 11:30:00,6088.0,6084.0,6090.0,6084.0,SF9999.XZCE,6087.2952
2025-03-05 13:30:00,6086.0,6088.0,6092.0,6080.0,SF9999.XZCE,6087.265925
2025-03-05 13:45:00,6086.0,6074.0,6086.0,6070.0,SF9999.XZCE,6078.5110466666665
2025-03-05 14:00:00,6074.0,6082.0,6082.0,6068.0,SF9999.XZCE,6074.751313333333
2025-03-05 14:15:00,6080.0,6072.0,6082.0,6070.0,SF9999.XZCE,6077.169173333333
2025-03-05 14:30:00,6074.0,6070.0,6074.0,6066.0,SF9999.XZCE,6069.131326666667
2025-03-05 14:45:00,6070.0,6072.0,6076.0,6062.0,SF9999.XZCE,6069.086066666667
2025-03-05 15:00:00,6074.0,6076.0,6076.0,6070.0,SF9999.XZCE,6072.1509
2025-03-06 09:00:00,6076.0,6080.0,6084.0,6054.0,SF9999.XZCE,6074.075431666667
2025-03-06 09:15:00,6080.0,6078.0,6090.0,6074.0,SF9999.XZCE,6083.053779999999
2025-03-06 09:30:00,6078.0,6090.0,6094.0,6076.0,SF9999.XZCE,6087.236286666666
2025-03-06 09:45:00,6090.0,6088.0,6098.0,6084.0,SF9999.XZCE,6092.778793333334
2025-03-06 10:00:00,6086.0,6088.0,6104.0,6086.0,SF9999.XZCE,6093.82736
2025-03-06 10:15:00,6088.0,6088.0,6088.0,6084.0,SF9999.XZCE,6086.7773
2025-03-06 10:30:00,6086.0,6094.0,6094.0,6080.0,SF9999.XZCE,6089.5137
2025-03-06 10:45:00,6094.0,6086.0,6096.0,6080.0,SF9999.XZCE,6087.45266
2025-03-06 11:00:00,6086.0,6086.0,6096.0,6080.0,SF9999.XZCE,6087.687653333333
2025-03-06 11:15:00,6088.0,6088.0,6090.0,6080.0,SF9999.XZCE,6084.761600000001
2025-03-06 11:30:00,6090.0,6084.0,6092.0,6082.0,SF9999.XZCE,6087.2087
2025-03-06 13:30:00,6086.0,6082.0,6096.0,6080.0,SF9999.XZCE,6087.895485
2025-03-06 13:45:00,6084.0,6082.0,6092.0,6080.0,SF9999.XZCE,6084.613926666666
2025-03-06 14:00:00,6082.0,6086.0,6088.0,6080.0,SF9999.XZCE,6082.671013333333
2025-03-06 14:15:00,6086.0,6084.0,6088.0,6080.0,SF9999.XZCE,6084.15088
2025-03-06 14:30:00,6084.0,6088.0,6090.0,6080.0,SF9999.XZCE,6086.0026800000005
2025-03-06 14:45:00,6088.0,6090.0,6098.0,6088.0,SF9999.XZCE,6093.016473333333
2025-03-06 15:00:00,6090.0,6090.0,6094.0,6088.0,SF9999.XZCE,6090.4392
2025-03-07 09:00:00,6128.0,6092.0,6136.0,6084.0,SF9999.XZCE,6099.797020000001
2025-03-07 09:15:00,6094.0,6098.0,6102.0,6090.0,SF9999.XZCE,6096.4483266666675
2025-03-07 09:30:00,6096.0,6100.0,6100.0,6088.0,SF9999.XZCE,6094.637019999999
2025-03-07 09:45:00,6098.0,6096.0,6100.0,6090.0,SF9999.XZCE,6094.97568
2025-03-07 10:00:00,6096.0,6108.0,6110.0,6094.0,SF9999.XZCE,6100.662906666667
2025-03-07 10:15:00,6108.0,6112.0,6114.0,6108.0,SF9999.XZCE,6110.5717
2025-03-07 10:30:00,6116.0,6112.0,6124.0,6110.0,SF9999.XZCE,6116.6260250000005
2025-03-07 10:45:00,6112.0,6118.0,6124.0,6110.0,SF9999.XZCE,6117.909313333334
2025-03-07 11:00:00,6118.0,6116.0,6124.0,6116.0,SF9999.XZCE,6119.962326666667
2025-03-07 11:15:00,6118.0,6112.0,6120.0,6108.0,SF9999.XZCE,6114.487973333333
2025-03-07 11:30:00,6112.0,6112.0,6116.0,6110.0,SF9999.XZCE,6112.098
2025-03-07 13:30:00,6114.0,6106.0,6118.0,6104.0,SF9999.XZCE,6110.492886666667
2025-03-07 13:45:00,6104.0,6104.0,6108.0,6100.0,SF9999.XZCE,6103.59566
2025-03-07 14:00:00,6104.0,6092.0,6106.0,6090.0,SF9999.XZCE,6096.9831466666665
2025-03-07 14:15:00,6092.0,6096.0,6108.0,6090.0,SF9999.XZCE,6098.397773333333
2025-03-07 14:30:00,6098.0,6092.0,6100.0,6086.0,SF9999.XZCE,6091.00392
2025-03-07 14:45:00,6092.0,6088.0,6096.0,6082.0,SF9999.XZCE,6088.565106666666
2025-03-07 15:00:00,6086.0,6082.0,6088.0,6082.0,SF9999.XZCE,6084.8683
2025-03-10 09:00:00,6074.0,6086.0,6086.0,6066.0,SF9999.XZCE,6078.048018333334
2025-03-10 09:15:00,6086.0,6072.0,6086.0,6072.0,SF9999.XZCE,6079.477460000001
2025-03-10 09:30:00,6074.0,6070.0,6082.0,6068.0,SF9999.XZCE,6071.9837
2025-03-10 09:45:00,6072.0,6054.0,6072.0,6046.0,SF9999.XZCE,6058.135333333333
2025-03-10 10:00:00,6054.0,6046.0,6056.0,6042.0,SF9999.XZCE,6048.27158
2025-03-10 10:15:00,6048.0,6046.0,6048.0,6044.0,SF9999.XZCE,6045.3563
2025-03-10 10:30:00,6046.0,6052.0,6054.0,6044.0,SF9999.XZCE,6050.5302249999995
2025-03-10 10:45:00,6050.0,6050.0,6054.0,6046.0,SF9999.XZCE,6050.795466666667
2025-03-10 11:00:00,6052.0,6054.0,6054.0,6046.0,SF9999.XZCE,6049.967053333334
2025-03-10 11:15:00,6054.0,6046.0,6056.0,6046.0,SF9999.XZCE,6051.355953333333
2025-03-10 11:30:00,6046.0,6044.0,6046.0,6042.0,SF9999.XZCE,6043.985
2025-03-10 13:30:00,6042.0,6044.0,6048.0,6040.0,SF9999.XZCE,6043.935143333333
2025-03-10 13:45:00,6044.0,6042.0,6048.0,6036.0,SF9999.XZCE,6041.712820000001
2025-03-10 14:00:00,6042.0,6044.0,6046.0,6038.0,SF9999.XZCE,6041.423113333333
2025-03-10 14:15:00,6044.0,6034.0,6044.0,6032.0,SF9999.XZCE,6039.632713333333
2025-03-10 14:30:00,6034.0,6028.0,6036.0,6026.0,SF9999.XZCE,6031.36792
2025-03-10 14:45:00,6028.0,6020.0,6030.0,6018.0,SF9999.XZCE,6024.086633333332
2025-03-10 15:00:00,6020.0,6022.0,6024.0,6018.0,SF9999.XZCE,6021.6152
2025-03-11 09:00:00,6020.0,6020.0,6032.0,6004.0,SF9999.XZCE,6014.0269499999995
2025-03-11 09:15:00,6018.0,6010.0,6022.0,6006.0,SF9999.XZCE,6013.518706666667
2025-03-11 09:30:00,6010.0,6014.0,6020.0,6006.0,SF9999.XZCE,6013.124400000001
2025-03-11 09:45:00,6014.0,6024.0,6024.0,6010.0,SF9999.XZCE,6015.401073333333
2025-03-11 10:00:00,6024.0,6018.0,6026.0,6016.0,SF9999.XZCE,6020.6906733333335
2025-03-11 10:15:00,6018.0,6020.0,6022.0,6014.0,SF9999.XZCE,6017.5411
2025-03-11 10:30:00,6020.0,6024.0,6026.0,6016.0,SF9999.XZCE,6021.005284999999
2025-03-11 10:45:00,6022.0,6026.0,6030.0,6014.0,SF9999.XZCE,6023.22528
2025-03-11 11:00:00,6026.0,6028.0,6034.0,6022.0,SF9999.XZCE,6026.728346666667
2025-03-11 11:15:00,6028.0,6024.0,6028.0,6020.0,SF9999.XZCE,6023.823700000001
2025-03-11 11:30:00,6024.0,6020.0,6024.0,6020.0,SF9999.XZCE,6022.1307
2025-03-11 13:30:00,6022.0,6024.0,6030.0,6022.0,SF9999.XZCE,6025.41543
2025-03-11 13:45:00,6022.0,6030.0,6032.0,6020.0,SF9999.XZCE,6027.88264
2025-03-11 14:00:00,6030.0,6036.0,6042.0,6028.0,SF9999.XZCE,6035.23852
2025-03-11 14:15:00,6034.0,6036.0,6038.0,6030.0,SF9999.XZCE,6033.493126666667
2025-03-11 14:30:00,6036.0,6044.0,6048.0,6036.0,SF9999.XZCE,6042.633379999999
2025-03-11 14:45:00,6044.0,6042.0,6048.0,6038.0,SF9999.XZCE,6043.88302
2025-03-11 15:00:00,6042.0,6044.0,6044.0,6040.0,SF9999.XZCE,6042.506
2025-03-12 09:00:00,6030.0,6012.0,6040.0,6008.0,SF9999.XZCE,6019.213888333333
2025-03-12 09:15:00,6012.0,6002.0,6014.0,6002.0,SF9999.XZCE,6008.974846666667
2025-03-12 09:30:00,6002.0,5986.0,6004.0,5982.0,SF9999.XZCE,5989.141653333332
2025-03-12 09:45:00,5986.0,5988.0,5990.0,5980.0,SF9999.XZCE,5986.0759800000005
2025-03-12 10:00:00,5988.0,5998.0,6014.0,5988.0,SF9999.XZCE,6002.447633333333
2025-03-12 10:15:00,5998.0,6000.0,6000.0,5998.0,SF9999.XZCE,5998.6194
2025-03-12 10:30:00,5998.0,5992.0,6004.0,5990.0,SF9999.XZCE,5997.3341783333335
2025-03-12 10:45:00,5992.0,5996.0,6000.0,5988.0,SF9999.XZCE,5994.42256
2025-03-12 11:00:00,5994.0,6006.0,6008.0,5994.0,SF9999.XZCE,6002.341093333333
2025-03-12 11:15:00,6006.0,6004.0,6008.0,5994.0,SF9999.XZCE,6000.432953333334
2025-03-12 11:30:00,6002.0,6000.0,6004.0,6000.0,SF9999.XZCE,6002.3172
2025-03-12 13:30:00,6006.0,6002.0,6008.0,6000.0,SF9999.XZCE,6003.869108333333
2025-03-12 13:45:00,6000.0,6004.0,6006.0,6000.0,SF9999.XZCE,6001.952793333334
2025-03-12 14:00:00,6004.0,5990.0,6006.0,5990.0,SF9999.XZCE,6000.021553333333
2025-03-12 14:15:00,5990.0,5988.0,5996.0,5988.0,SF9999.XZCE,5991.574393333333
2025-03-12 14:30:00,5988.0,5996.0,5998.0,5988.0,SF9999.XZCE,5991.815593333333
2025-03-12 14:45:00,5998.0,5998.0,6000.0,5990.0,SF9999.XZCE,5994.263933333333
2025-03-12 15:00:00,5996.0,5994.0,6000.0,5994.0,SF9999.XZCE,5995.8844
2025-03-13 09:00:00,5984.0,5984.0,5992.0,5980.0,SF9999.XZCE,5986.103271666667
2025-03-13 09:15:00,5984.0,5986.0,5988.0,5980.0,SF9999.XZCE,5985.023766666666
2025-03-13 09:30:00,5986.0,5974.0,5988.0,5972.0,SF9999.XZCE,5981.077513333334
2025-03-13 09:45:00,5976.0,5966.0,5978.0,5964.0,SF9999.XZCE,5970.55712
2025-03-13 10:00:00,5964.0,5974.0,5980.0,5960.0,SF9999.XZCE,5968.234686666667
2025-03-13 10:15:00,5972.0,5978.0,5980.0,5972.0,SF9999.XZCE,5974.1887
2025-03-13 10:30:00,5980.0,5984.0,5986.0,5970.0,SF9999.XZCE,5978.329581666666
2025-03-13 10:45:00,5984.0,5980.0,5990.0,5978.0,SF9999.XZCE,5984.253193333333
2025-03-13 11:00:00,5980.0,5986.0,5986.0,5978.0,SF9999.XZCE,5981.7393999999995
2025-03-13 11:15:00,5986.0,5982.0,5986.0,5978.0,SF9999.XZCE,5980.654186666667
2025-03-13 11:30:00,5980.0,5976.0,5980.0,5974.0,SF9999.XZCE,5977.0462
2025-03-13 13:30:00,5976.0,5974.0,5976.0,5968.0,SF9999.XZCE,5971.134091666667
2025-03-13 13:45:00,5972.0,5978.0,5982.0,5970.0,SF9999.XZCE,5976.864273333333
2025-03-13 14:00:00,5978.0,5976.0,5980.0,5970.0,SF9999.XZCE,5975.1019866666675
2025-03-13 14:15:00,5976.0,5982.0,5982.0,5972.0,SF9999.XZCE,5975.797013333333
2025-03-13 14:30:00,5982.0,5990.0,5992.0,5980.0,SF9999.XZCE,5987.964673333333
2025-03-13 14:45:00,5990.0,5982.0,5992.0,5980.0,SF9999.XZCE,5987.108213333333
2025-03-13 15:00:00,5982.0,5982.0,5984.0,5980.0,SF9999.XZCE,5981.6697
2025-03-14 09:00:00,5982.0,5972.0,5990.0,5966.0,SF9999.XZCE,5974.050045
2025-03-14 09:15:00,5972.0,5976.0,5980.0,5970.0,SF9999.XZCE,5975.1009466666665
2025-03-14 09:30:00,5978.0,5974.0,5984.0,5964.0,SF9999.XZCE,5975.81262
2025-03-14 09:45:00,5974.0,5978.0,5978.0,5960.0,SF9999.XZCE,5970.484106666667
2025-03-14 10:00:00,5978.0,5968.0,5978.0,5964.0,SF9999.XZCE,5970.018800000001
2025-03-14 10:15:00,5970.0,5970.0,5972.0,5968.0,SF9999.XZCE,5969.9234
2025-03-14 10:30:00,5968.0,5972.0,5976.0,5968.0,SF9999.XZCE,5971.145021666666
2025-03-14 10:45:00,5970.0,5962.0,5974.0,5962.0,SF9999.XZCE,5967.328306666667
2025-03-14 11:00:00,5962.0,5974.0,5978.0,5962.0,SF9999.XZCE,5967.363740000001
2025-03-14 11:15:00,5976.0,5970.0,5982.0,5968.0,SF9999.XZCE,5976.212626666667
2025-03-14 11:30:00,5970.0,5972.0,5976.0,5968.0,SF9999.XZCE,5973.6748
2025-03-14 13:30:00,5974.0,5986.0,5990.0,5970.0,SF9999.XZCE,5980.851668333334
2025-03-14 13:45:00,5988.0,6088.0,6114.0,5986.0,SF9999.XZCE,6048.58034
2025-03-14 14:00:00,6088.0,6050.0,6094.0,6046.0,SF9999.XZCE,6061.092026666666
2025-03-14 14:15:00,6048.0,6052.0,6060.0,6046.0,SF9999.XZCE,6051.766186666667
2025-03-14 14:30:00,6050.0,6058.0,6060.0,6042.0,SF9999.XZCE,6048.7281066666665
2025-03-14 14:45:00,6058.0,6046.0,6062.0,6042.0,SF9999.XZCE,6052.12918
2025-03-14 15:00:00,6046.0,6046.0,6050.0,6044.0,SF9999.XZCE,6047.3838
2025-03-17 09:00:00,6034.0,6054.0,6072.0,6028.0,SF9999.XZCE,6056.045318333334
2025-03-17 09:15:00,6054.0,6038.0,6058.0,6036.0,SF9999.XZCE,6045.033046666667
2025-03-17 09:30:00,6038.0,6042.0,6048.0,6032.0,SF9999.XZCE,6039.713653333333
2025-03-17 09:45:00,6040.0,6042.0,6044.0,6034.0,SF9999.XZCE,6039.1876600000005
2025-03-17 10:00:00,6040.0,6022.0,6044.0,6020.0,SF9999.XZCE,6034.850266666667
2025-03-17 10:15:00,6022.0,6022.0,6022.0,6018.0,SF9999.XZCE,6019.8522
2025-03-17 10:30:00,6020.0,6024.0,6026.0,6016.0,SF9999.XZCE,6021.581826666667
2025-03-17 10:45:00,6026.0,6028.0,6032.0,6024.0,SF9999.XZCE,6027.672593333334
2025-03-17 11:00:00,6028.0,6028.0,6038.0,6026.0,SF9999.XZCE,6030.7128999999995
2025-03-17 11:15:00,6030.0,6018.0,6030.0,6018.0,SF9999.XZCE,6024.294666666666
2025-03-17 11:30:00,6018.0,6014.0,6020.0,6012.0,SF9999.XZCE,6014.0893
2025-03-17 13:30:00,6012.0,6016.0,6018.0,6010.0,SF9999.XZCE,6014.808521666667
2025-03-17 13:45:00,6016.0,6016.0,6024.0,6014.0,SF9999.XZCE,6017.9528
2025-03-17 14:00:00,6016.0,6014.0,6022.0,6012.0,SF9999.XZCE,6017.2048466666665
2025-03-17 14:15:00,6014.0,6016.0,6018.0,6010.0,SF9999.XZCE,6014.521773333334
2025-03-17 14:30:00,6014.0,6022.0,6028.0,6014.0,SF9999.XZCE,6020.907226666667
2025-03-17 14:45:00,6022.0,6054.0,6060.0,6022.0,SF9999.XZCE,6040.000360000001
2025-03-17 15:00:00,6056.0,6058.0,6058.0,6050.0,SF9999.XZCE,6054.4228
2025-03-18 09:00:00,6060.0,6066.0,6090.0,6058.0,SF9999.XZCE,6071.002338333333
2025-03-18 09:15:00,6066.0,6066.0,6076.0,6062.0,SF9999.XZCE,6068.70998
2025-03-18 09:30:00,6066.0,6070.0,6074.0,6062.0,SF9999.XZCE,6066.651293333333
2025-03-18 09:45:00,6070.0,6076.0,6082.0,6068.0,SF9999.XZCE,6076.37836
2025-03-18 10:00:00,6076.0,6090.0,6090.0,6074.0,SF9999.XZCE,6084.162713333334
2025-03-18 10:15:00,6090.0,6092.0,6094.0,6088.0,SF9999.XZCE,6090.5292
2025-03-18 10:30:00,6094.0,6084.0,6094.0,6076.0,SF9999.XZCE,6084.084295000001
2025-03-18 10:45:00,6082.0,6058.0,6090.0,6050.0,SF9999.XZCE,6075.9831933333335
2025-03-18 11:00:00,6058.0,6058.0,6064.0,6054.0,SF9999.XZCE,6057.440653333334
2025-03-18 11:15:00,6058.0,6056.0,6066.0,6052.0,SF9999.XZCE,6059.211546666666
2025-03-18 11:30:00,6054.0,6052.0,6056.0,6046.0,SF9999.XZCE,6049.4988
2025-03-18 13:30:00,6052.0,6046.0,6054.0,6042.0,SF9999.XZCE,6046.710900000001
2025-03-18 13:45:00,6046.0,6038.0,6048.0,6038.0,SF9999.XZCE,6042.615366666666
2025-03-18 14:00:00,6040.0,6028.0,6040.0,6018.0,SF9999.XZCE,6026.1244799999995
2025-03-18 14:15:00,6028.0,6024.0,6030.0,6022.0,SF9999.XZCE,6026.45968
2025-03-18 14:30:00,6024.0,6022.0,6028.0,6016.0,SF9999.XZCE,6020.557819999999
2025-03-18 14:45:00,6022.0,6018.0,6024.0,6008.0,SF9999.XZCE,6017.636266666667
2025-03-18 15:00:00,6016.0,6020.0,6020.0,6014.0,SF9999.XZCE,6016.2215
2025-03-19 09:00:00,6002.0,5962.0,6008.0,5940.0,SF9999.XZCE,5960.008828333334
2025-03-19 09:15:00,5960.0,5954.0,5964.0,5944.0,SF9999.XZCE,5952.3054600000005
2025-03-19 09:30:00,5954.0,5950.0,5962.0,5948.0,SF9999.XZCE,5954.3017
2025-03-19 09:45:00,5950.0,5948.0,5960.0,5946.0,SF9999.XZCE,5950.292873333333
2025-03-19 10:00:00,5948.0,5948.0,5956.0,5946.0,SF9999.XZCE,5950.403533333333
2025-03-19 10:15:00,5948.0,5950.0,5954.0,5946.0,SF9999.XZCE,5949.6022
2025-03-19 10:30:00,5950.0,5980.0,5980.0,5946.0,SF9999.XZCE,5963.03817
2025-03-19 10:45:00,5980.0,5980.0,5996.0,5972.0,SF9999.XZCE,5982.589080000001
2025-03-19 11:00:00,5980.0,5986.0,5990.0,5976.0,SF9999.XZCE,5984.019799999999
2025-03-19 11:15:00,5986.0,5984.0,5990.0,5972.0,SF9999.XZCE,5981.593339999999
2025-03-19 11:30:00,5984.0,5982.0,5984.0,5978.0,SF9999.XZCE,5980.8352
2025-03-19 13:30:00,5980.0,5982.0,5988.0,5972.0,SF9999.XZCE,5978.572928333334
2025-03-19 13:45:00,5982.0,5988.0,5988.0,5976.0,SF9999.XZCE,5982.8743
2025-03-19 14:00:00,5988.0,5984.0,5990.0,5982.0,SF9999.XZCE,5985.794933333334
2025-03-19 14:15:00,5982.0,5982.0,5988.0,5976.0,SF9999.XZCE,5981.5517266666675
2025-03-19 14:30:00,5984.0,5982.0,5984.0,5970.0,SF9999.XZCE,5979.510113333334
2025-03-19 14:45:00,5984.0,5982.0,5990.0,5976.0,SF9999.XZCE,5982.159953333333
2025-03-19 15:00:00,5980.0,5982.0,5986.0,5980.0,SF9999.XZCE,5982.8057
2025-03-20 09:00:00,5996.0,5970.0,6008.0,5966.0,SF9999.XZCE,5977.746981666666
2025-03-20 09:15:00,5972.0,5980.0,5990.0,5968.0,SF9999.XZCE,5982.9790933333325
2025-03-20 09:30:00,5980.0,5972.0,5986.0,5972.0,SF9999.XZCE,5978.643786666667
2025-03-20 09:45:00,5974.0,5974.0,5978.0,5970.0,SF9999.XZCE,5974.557626666666
2025-03-20 10:00:00,5976.0,5988.0,6000.0,5974.0,SF9999.XZCE,5985.74794
2025-03-20 10:15:00,5988.0,5988.0,5992.0,5986.0,SF9999.XZCE,5988.5819
2025-03-20 10:30:00,5992.0,5994.0,5998.0,5982.0,SF9999.XZCE,5990.379733333332
2025-03-20 10:45:00,5994.0,5996.0,5996.0,5988.0,SF9999.XZCE,5992.561053333334
2025-03-20 11:00:00,5994.0,6012.0,6022.0,5994.0,SF9999.XZCE,6008.525659999999
2025-03-20 11:15:00,6010.0,6026.0,6036.0,6010.0,SF9999.XZCE,6023.697846666667
2025-03-20 11:30:00,6026.0,6022.0,6026.0,6018.0,SF9999.XZCE,6021.6803
2025-03-20 13:30:00,6022.0,6028.0,6032.0,6016.0,SF9999.XZCE,6022.940566666667
2025-03-20 13:45:00,6028.0,6032.0,6034.0,6022.0,SF9999.XZCE,6028.268220000001
2025-03-20 14:00:00,6030.0,6024.0,6036.0,6022.0,SF9999.XZCE,6027.134233333333
2025-03-20 14:15:00,6026.0,6026.0,6036.0,6024.0,SF9999.XZCE,6028.362486666666
2025-03-20 14:30:00,6026.0,6018.0,6032.0,6012.0,SF9999.XZCE,6023.379873333332
2025-03-20 14:45:00,6016.0,6010.0,6024.0,6008.0,SF9999.XZCE,6016.160333333333
2025-03-20 15:00:00,6010.0,6004.0,6012.0,6004.0,SF9999.XZCE,6007.4945
2025-03-21 09:00:00,6008.0,6002.0,6022.0,5988.0,SF9999.XZCE,6001.282316666667
2025-03-21 09:15:00,6002.0,5996.0,6002.0,5992.0,SF9999.XZCE,5997.307206666667
2025-03-21 09:30:00,5996.0,5996.0,6004.0,5992.0,SF9999.XZCE,5998.0562
2025-03-21 09:45:00,5996.0,5984.0,6000.0,5984.0,SF9999.XZCE,5987.5572
2025-03-21 10:00:00,5984.0,5982.0,5990.0,5976.0,SF9999.XZCE,5983.777166666667
2025-03-21 10:15:00,5982.0,5984.0,5984.0,5980.0,SF9999.XZCE,5981.3175
2025-03-21 10:30:00,5984.0,5976.0,5986.0,5972.0,SF9999.XZCE,5978.483271666667
2025-03-21 10:45:00,5976.0,5976.0,5982.0,5974.0,SF9999.XZCE,5977.356220000001
2025-03-21 11:00:00,5976.0,5964.0,5980.0,5964.0,SF9999.XZCE,5974.030986666668
2025-03-21 11:15:00,5964.0,5972.0,5972.0,5962.0,SF9999.XZCE,5966.34458
2025-03-21 11:30:00,5970.0,5974.0,5978.0,5970.0,SF9999.XZCE,5975.0456
2025-03-21 13:30:00,5974.0,5972.0,5980.0,5964.0,SF9999.XZCE,5971.261218333333
2025-03-21 13:45:00,5972.0,5980.0,5982.0,5966.0,SF9999.XZCE,5974.552479999999
2025-03-21 14:00:00,5980.0,5976.0,5986.0,5972.0,SF9999.XZCE,5977.709599999999
2025-03-21 14:15:00,5978.0,5972.0,5982.0,5970.0,SF9999.XZCE,5976.71554
2025-03-21 14:30:00,5972.0,5974.0,5982.0,5970.0,SF9999.XZCE,5976.3201733333335
2025-03-21 14:45:00,5978.0,5984.0,5988.0,5974.0,SF9999.XZCE,5978.76486
2025-03-21 15:00:00,5984.0,5976.0,5984.0,5976.0,SF9999.XZCE,5979.1135
2025-03-24 09:00:00,6000.0,6020.0,6058.0,6000.0,SF9999.XZCE,6032.841968333333
2025-03-24 09:15:00,6020.0,6026.0,6034.0,6018.0,SF9999.XZCE,6025.909373333333
2025-03-24 09:30:00,6026.0,6026.0,6034.0,6020.0,SF9999.XZCE,6027.668686666667
2025-03-24 09:45:00,6024.0,6028.0,6032.0,6022.0,SF9999.XZCE,6027.953373333333
2025-03-24 10:00:00,6030.0,6040.0,6052.0,6028.0,SF9999.XZCE,6041.192626666667
2025-03-24 10:15:00,6042.0,6046.0,6048.0,6042.0,SF9999.XZCE,6044.9944
2025-03-24 10:30:00,6046.0,6026.0,6050.0,6018.0,SF9999.XZCE,6033.160868333333
2025-03-24 10:45:00,6026.0,6032.0,6038.0,6022.0,SF9999.XZCE,6028.9884600000005
2025-03-24 11:00:00,6032.0,6044.0,6044.0,6024.0,SF9999.XZCE,6031.977666666667
2025-03-24 11:15:00,6042.0,6016.0,6044.0,6016.0,SF9999.XZCE,6032.096033333332
2025-03-24 11:30:00,6016.0,6020.0,6020.0,6012.0,SF9999.XZCE,6015.1213
2025-03-24 13:30:00,6020.0,6026.0,6026.0,6016.0,SF9999.XZCE,6022.481343333333
2025-03-24 13:45:00,6026.0,6024.0,6028.0,6020.0,SF9999.XZCE,6023.66974
2025-03-24 14:00:00,6024.0,6032.0,6032.0,6020.0,SF9999.XZCE,6025.305646666667
2025-03-24 14:15:00,6030.0,6030.0,6032.0,6020.0,SF9999.XZCE,6024.615126666667
2025-03-24 14:30:00,6028.0,6034.0,6036.0,6028.0,SF9999.XZCE,6032.204853333334
2025-03-24 14:45:00,6034.0,6022.0,6036.0,6020.0,SF9999.XZCE,6028.588066666666
2025-03-24 15:00:00,6022.0,6022.0,6026.0,6020.0,SF9999.XZCE,6022.927
2025-03-25 09:00:00,6032.0,6058.0,6062.0,6020.0,SF9999.XZCE,6048.121351666666
2025-03-25 09:15:00,6058.0,6056.0,6064.0,6050.0,SF9999.XZCE,6056.291540000001
2025-03-25 09:30:00,6056.0,6048.0,6060.0,6042.0,SF9999.XZCE,6049.945879999999
2025-03-25 09:45:00,6048.0,6052.0,6056.0,6044.0,SF9999.XZCE,6049.63062
2025-03-25 10:00:00,6052.0,6028.0,6054.0,6028.0,SF9999.XZCE,6039.117746666667
2025-03-25 10:15:00,6028.0,6020.0,6030.0,6020.0,SF9999.XZCE,6023.4774
2025-03-25 10:30:00,6018.0,6012.0,6020.0,6006.0,SF9999.XZCE,6013.766613333333
2025-03-25 10:45:00,6014.0,6014.0,6020.0,6010.0,SF9999.XZCE,6015.495553333333
2025-03-25 11:00:00,6014.0,6022.0,6024.0,6012.0,SF9999.XZCE,6019.378213333333
2025-03-25 11:15:00,6022.0,6026.0,6034.0,6020.0,SF9999.XZCE,6025.704146666667
2025-03-25 11:30:00,6026.0,6030.0,6032.0,6026.0,SF9999.XZCE,6028.5409
2025-03-25 13:30:00,6032.0,6024.0,6036.0,6018.0,SF9999.XZCE,6025.922488333334
2025-03-25 13:45:00,6022.0,6022.0,6028.0,6018.0,SF9999.XZCE,6022.475506666667
2025-03-25 14:00:00,6022.0,6020.0,6024.0,6016.0,SF9999.XZCE,6019.459273333334
2025-03-25 14:15:00,6022.0,6016.0,6024.0,6012.0,SF9999.XZCE,6017.1972866666665
2025-03-25 14:30:00,6016.0,6016.0,6020.0,6008.0,SF9999.XZCE,6013.90268
2025-03-25 14:45:00,6016.0,6002.0,6018.0,5996.0,SF9999.XZCE,6009.3598133333335
2025-03-25 15:00:00,6000.0,6002.0,6006.0,6000.0,SF9999.XZCE,6002.3067
2025-03-26 09:00:00,6010.0,6016.0,6036.0,6010.0,SF9999.XZCE,6022.91707
2025-03-26 09:15:00,6016.0,6022.0,6030.0,6014.0,SF9999.XZCE,6020.57012
2025-03-26 09:30:00,6024.0,6024.0,6034.0,6018.0,SF9999.XZCE,6024.616213333334
2025-03-26 09:45:00,6024.0,6028.0,6034.0,6020.0,SF9999.XZCE,6026.104899999999
2025-03-26 10:00:00,6030.0,6016.0,6030.0,6010.0,SF9999.XZCE,6019.740133333333
2025-03-26 10:15:00,6016.0,6012.0,6016.0,6012.0,SF9999.XZCE,6014.1021
2025-03-26 10:30:00,6012.0,6020.0,6026.0,6010.0,SF9999.XZCE,6019.149016666667
2025-03-26 10:45:00,6020.0,6026.0,6028.0,6018.0,SF9999.XZCE,6022.83024
2025-03-26 11:00:00,6026.0,6026.0,6030.0,6022.0,SF9999.XZCE,6026.729326666667
2025-03-26 11:15:00,6028.0,6020.0,6030.0,6018.0,SF9999.XZCE,6024.698693333333
2025-03-26 11:30:00,6020.0,6016.0,6020.0,6016.0,SF9999.XZCE,6016.8899
2025-03-26 13:30:00,6018.0,6026.0,6026.0,6014.0,SF9999.XZCE,6019.392913333333
2025-03-26 13:45:00,6026.0,6064.0,6084.0,6022.0,SF9999.XZCE,6056.14016
2025-03-26 14:00:00,6064.0,6056.0,6076.0,6056.0,SF9999.XZCE,6068.154086666666
2025-03-26 14:15:00,6056.0,6054.0,6060.0,6050.0,SF9999.XZCE,6053.37528
2025-03-26 14:30:00,6054.0,6044.0,6054.0,6042.0,SF9999.XZCE,6048.307826666667
2025-03-26 14:45:00,6044.0,6020.0,6046.0,6016.0,SF9999.XZCE,6028.3692133333325
2025-03-26 15:00:00,6018.0,6020.0,6022.0,6014.0,SF9999.XZCE,6017.8793
2025-03-27 09:00:00,6022.0,6032.0,6038.0,6022.0,SF9999.XZCE,6030.268321666666
2025-03-27 09:15:00,6034.0,6032.0,6038.0,6028.0,SF9999.XZCE,6032.410453333334
2025-03-27 09:30:00,6030.0,6026.0,6038.0,6024.0,SF9999.XZCE,6030.669620000001
2025-03-27 09:45:00,6026.0,6032.0,6038.0,6022.0,SF9999.XZCE,6029.390993333333
2025-03-27 10:00:00,6032.0,6024.0,6036.0,6016.0,SF9999.XZCE,6026.310286666667
2025-03-27 10:15:00,6024.0,6024.0,6024.0,6018.0,SF9999.XZCE,6021.8935
2025-03-27 10:30:00,6024.0,6026.0,6030.0,6020.0,SF9999.XZCE,6025.172299999999
2025-03-27 10:45:00,6024.0,6026.0,6030.0,6020.0,SF9999.XZCE,6024.587253333334
2025-03-27 11:00:00,6026.0,6018.0,6026.0,6016.0,SF9999.XZCE,6020.620533333334
2025-03-27 11:15:00,6020.0,6008.0,6022.0,6008.0,SF9999.XZCE,6016.340086666667
2025-03-27 11:30:00,6006.0,5998.0,6008.0,5992.0,SF9999.XZCE,5999.324
2025-03-27 13:30:00,5998.0,5994.0,5998.0,5982.0,SF9999.XZCE,5990.607621666667
2025-03-27 13:45:00,5992.0,5996.0,6004.0,5990.0,SF9999.XZCE,5995.374199999999
2025-03-27 14:00:00,5994.0,5998.0,6010.0,5994.0,SF9999.XZCE,6003.129666666667
2025-03-27 14:15:00,5998.0,6002.0,6004.0,5996.0,SF9999.XZCE,5999.928513333333
2025-03-27 14:30:00,6000.0,6004.0,6008.0,5992.0,SF9999.XZCE,5999.480713333333
2025-03-27 14:45:00,6006.0,5998.0,6014.0,5996.0,SF9999.XZCE,6005.938333333334
2025-03-27 15:00:00,5998.0,6002.0,6002.0,5996.0,SF9999.XZCE,5999.1154
2025-03-28 09:00:00,6020.0,6010.0,6022.0,6002.0,SF9999.XZCE,6011.793900000001
2025-03-28 09:15:00,6010.0,6022.0,6030.0,6004.0,SF9999.XZCE,6011.851253333333
2025-03-28 09:30:00,6020.0,6020.0,6024.0,6014.0,SF9999.XZCE,6019.012093333334
2025-03-28 09:45:00,6020.0,6018.0,6028.0,6010.0,SF9999.XZCE,6018.617126666667
2025-03-28 10:00:00,6018.0,6018.0,6026.0,6012.0,SF9999.XZCE,6018.925719999999
2025-03-28 10:15:00,6018.0,6016.0,6018.0,6012.0,SF9999.XZCE,6014.8644
2025-03-28 10:30:00,6014.0,6024.0,6024.0,6012.0,SF9999.XZCE,6017.446188333332
2025-03-28 10:45:00,6024.0,6022.0,6024.0,6012.0,SF9999.XZCE,6019.587506666667
2025-03-28 11:00:00,6022.0,6018.0,6024.0,6010.0,SF9999.XZCE,6018.6108533333345
2025-03-28 11:15:00,6018.0,6012.0,6020.0,6000.0,SF9999.XZCE,6012.271966666667
2025-03-28 11:30:00,6010.0,6012.0,6016.0,6008.0,SF9999.XZCE,6012.1
2025-03-28 13:30:00,6010.0,6006.0,6016.0,6002.0,SF9999.XZCE,6008.336331666666
2025-03-28 13:45:00,6006.0,6006.0,6010.0,5996.0,SF9999.XZCE,6004.253813333334
2025-03-28 14:00:00,6006.0,6000.0,6008.0,5990.0,SF9999.XZCE,5998.821853333334
2025-03-28 14:15:00,5998.0,6014.0,6016.0,5998.0,SF9999.XZCE,6008.3472
2025-03-28 14:30:00,6016.0,6008.0,6020.0,6008.0,SF9999.XZCE,6015.32564
2025-03-28 14:45:00,6010.0,6008.0,6016.0,6004.0,SF9999.XZCE,6009.72792
2025-03-28 15:00:00,6010.0,6016.0,6018.0,6008.0,SF9999.XZCE,6013.1539
2025-03-31 09:00:00,6010.0,5976.0,6010.0,5968.0,SF9999.XZCE,5980.656321666666
2025-03-31 09:15:00,5974.0,5994.0,5998.0,5970.0,SF9999.XZCE,5982.075153333334
2025-03-31 09:30:00,5996.0,5984.0,5996.0,5978.0,SF9999.XZCE,5985.611959999999
2025-03-31 09:45:00,5984.0,5986.0,5994.0,5978.0,SF9999.XZCE,5986.271286666667
2025-03-31 10:00:00,5986.0,5956.0,5988.0,5954.0,SF9999.XZCE,5972.579720000001
2025-03-31 10:15:00,5956.0,5952.0,5956.0,5948.0,SF9999.XZCE,5950.1516
2025-03-31 10:30:00,5950.0,5940.0,5950.0,5914.0,SF9999.XZCE,5925.266195
2025-03-31 10:45:00,5938.0,5930.0,5940.0,5924.0,SF9999.XZCE,5930.114126666667
2025-03-31 11:00:00,5930.0,5922.0,5932.0,5916.0,SF9999.XZCE,5921.574653333334
2025-03-31 11:15:00,5922.0,5948.0,5950.0,5918.0,SF9999.XZCE,5926.395693333333
2025-03-31 11:30:00,5946.0,5970.0,5974.0,5946.0,SF9999.XZCE,5957.6428
2025-03-31 13:30:00,5976.0,5972.0,5980.0,5958.0,SF9999.XZCE,5971.587983333334
2025-03-31 13:45:00,5970.0,5976.0,5986.0,5970.0,SF9999.XZCE,5978.156086666667
2025-03-31 14:00:00,5976.0,5986.0,5986.0,5974.0,SF9999.XZCE,5978.081346666667
2025-03-31 14:15:00,5986.0,5986.0,5998.0,5984.0,SF9999.XZCE,5990.239746666666
2025-03-31 14:30:00,5986.0,5976.0,5986.0,5968.0,SF9999.XZCE,5975.351740000001
2025-03-31 14:45:00,5974.0,5970.0,5984.0,5968.0,SF9999.XZCE,5974.965986666667
2025-03-31 15:00:00,5972.0,5972.0,5978.0,5972.0,SF9999.XZCE,5973.5056
